Handle,Title,Body (HTML),Vendor,Product Category,Type,Tags,Published,Option1 Name,Option1 Value,Option2 Name,Option2 Value,Option3 Name,Option3 Value,Variant SKU,Variant Grams,Variant Inventory Tracker,Variant Inventory Qty,Variant Inventory Policy,Variant Fulfillment Service,Variant Price,Variant Compare At Price,Variant Requires Shipping,Variant Taxable,Variant Barcode,Image Src,Image Position,Image Alt Text,Gift Card,SEO Title,SEO Description,Google Shopping / Google Product Category,Google Shopping / Gender,Google Shopping / Age Group,Google Shopping / MPN,Google Shopping / AdWords Grouping,Google Shopping / AdWords Labels,Google Shopping / Condition,Google Shopping / Custom Product,Google Shopping / Custom Label 0,Google Shopping / Custom Label 1,Google Shopping / Custom Label 2,Google Shopping / Custom Label 3,Google Shopping / Custom Label 4,Variant Image,Variant Weight Unit,Variant Tax Code,Cost per item,Included / Brazil,Included / International,Price / International,Compare At Price / International,Status
vikita-kids-princess-dress-birthday-party-children-heart-design-dress-toddlers-sequins-vestidos-girls-christmas-new-year-clothes,Vestido infantil para meninas,"<p data-pm-slice=""1 1 []"" data-mce-fragment=""1""> </p>
<p data-pm-slice=""1 1 []"" data-mce-fragment=""1""> </p>
<h1 data-pm-slice=""1 1 []"" style=""text-align: center;"" data-mce-fragment=""1""><span style=""background-color: #2b00ff; color: #ffffff;"">Vestido infantil para meninas </span></h1>
<p data-pm-slice=""1 1 []"" data-mce-fragment=""1""> </p>
<p data-pm-slice=""1 1 []"" data-mce-fragment=""1"">É difícil para as mães encontrarem roupas infantis com estilo e conforto. Especialmente durante os meses quentes do verão, é extremamente importante que a criança esteja à vontade. O Vestido Infantil para Meninas oferece uma solução perfeita para unir moda e conforto. Feito com tecidos naturais de algodão, o vestido possui um design moderno e fofo ideal para o seu filho curtir o verão em grande estilo! O Vestido Infantil para Meninas foi especialmente projetado pensando no conforto da criança. Seu material resistente mantém a suavidade nos dias mais quentes, enquanto as cores vibrantes adicionam diversão a qualquer look casual - sem falar na liberdade de movimentos!</p>
<p data-pm-slice=""1 1 []"" data-mce-fragment=""1""> </p>
<p data-pm-slice=""1 1 []"" data-mce-fragment=""1""> </p>
<p data-pm-slice=""1 1 []"" data-mce-fragment=""1""><img alt=""Imagem 1 de 3 de Vestido Infantil Tule Manga Longa, Sreia Festa, Aniversário"" src=""https://http2.mlstatic.com/D_NQ_NP_922942-MLB49748563127_042022-O.webp"" style=""display: block; margin-left: auto; margin-right: auto;""></p>
<p data-pm-slice=""1 1 []"" data-mce-fragment=""1""> </p>
<p data-pm-slice=""1 1 []"" data-mce-fragment=""1""> </p>
<p data-pm-slice=""1 1 []"" data-mce-fragment=""1"">A combinação de praticidade e moda torna essencial ter um destes vestidos no guarda-roupa dos pequenos, pois é tudo que você precisa para manter seus filhos bem vestidos nesta temporada! Vestido Infantil Para Meninas é ideal para aquelas mães que buscam equilibrar estética e funcionalidade na hora de escolher roupas infantis.</p>
<p data-pm-slice=""1 1 []"" data-mce-fragment=""1""> </p>
<p data-pm-slice=""1 1 []"" data-mce-fragment=""1""><img alt=""Imagem 2 de 3 de Vestido Infantil Tule Manga Longa, Sreia Festa, Aniversário"" src=""https://http2.mlstatic.com/D_NQ_NP_900327-MLB49748479788_042022-O.webp"" style=""display: block; margin-left: auto; margin-right: auto;""></p>
<p data-pm-slice=""1 1 []"" data-mce-fragment=""1"">Além disso, feitos em algodão natural garantem frescor nas altas temperaturas do verão – permitindo desfrutar dos melhores momentos da infância com toda tranquilidade. Combinando moda e conforto nessa temporada, este produto tem tudo o que você procura: modernice o visual dos seus pequenos agora mesmo!</p>
<p data-pm-slice=""1 1 []"" data-mce-fragment=""1""><img alt=""Imagem 3 de 3 de Vestido Infantil Tule Manga Longa, Sreia Festa, Aniversário"" src=""https://http2.mlstatic.com/D_NQ_NP_615348-MLB49748572090_042022-O.webp"" style=""display: block; margin-left: auto; margin-right: auto;""></p>
<p data-pm-slice=""1 1 []"" data-mce-fragment=""1""> </p>
<p data-pm-slice=""1 1 []"" data-mce-fragment=""1""> </p>
<p data-pm-slice=""1 1 []"" data-mce-fragment=""1""><img alt="""" src=""https://cdn.shopify.com/s/files/1/0682/9198/5717/files/Capturar_480x480.jpg?v=1669377378"" style=""display: block; margin-left: auto; margin-right: auto;""></p>",DSERS,,Kids,"moda,mais-vendidos",TRUE,Modelo,Modelo 1,Tamanho,3T,,,14:771#LH4405;200000463:200004188,0.0,shopify,1000,continue,manual,250.00,290.00,TRUE,FALSE,,https://cdn.shopify.com/s/files/1/0728/2229/2791/products/S65c063d753854d128763d28217b1b074t.jpg?v=1677098389,1,,FALSE,,,,,,,,,,,,,,,,https://cdn.shopify.com/s/files/1/0728/2229/2791/products/S7b677bb88c7340a181650e817ddd055b0.jpg?v=1677098389,kg,,,TRUE,TRUE,,,active
2pcs-winter-baby-girl-boy-clothes-set-embroidery-thicken-fleece-warm-sweatshirt-pant-baby-boy-tracksuit-toddler-clothes-outfit,Conjunto Moletom Infantil,"<h1 style=""text-align: center;""><span style=""background-color: #2b00ff; color: #ffffff;"">Conjunto Moletom Infantil </span></h1>
<p data-pm-slice=""1 1 []"">O inverno está chegando e você quer garantir que seu filho esteja quentinho? O Conjunto Moletom Infantil é a solução perfeita! Ele vem com um casaco de moletom bordado e uma calça de moletom, ambos super confortáveis. Deixe seu filho na moda sem sacrificar o conforto!</p>
<p><img src=""https://ae01.alicdn.com/kf/Sa025b1dec5644ab287732598224a74edK.jpg"" width=""524"" height=""524"" style=""display: block; margin-left: auto; margin-right: auto;""></p>
<p data-pm-slice=""1 1 []"">Ele é confeccionado em material macio e quente, além de contar com bordados fofos que vão deixar seu pequeno ainda mais lindo. É uma ótima opção para manter a moda e o conforto no inverno.</p>
<p><img src=""https://ae01.alicdn.com/kf/S61fa81d891f14ecb96d6d538ac38e04bH.jpg"" width=""528"" height=""528"" style=""display: block; margin-left: auto; margin-right: auto;""></p>
<p> </p>
<p> </p>
<p><img alt="""" src=""https://cdn.shopify.com/s/files/1/0682/9198/5717/files/Capturar_480x480.jpg?v=1669377378"" style=""display: block; margin-left: auto; margin-right: auto;""></p>",DSERS,,Kids,"moda,mais-vendidos",TRUE,Modelo,Modelo 1,Kid Size,3-6M 66,,,14:771#Flower;200000463:200025003#3-6M 66,0.0,shopify,1000,continue,manual,220.00,260.00,TRUE,FALSE,,https://cdn.shopify.com/s/files/1/0728/2229/2791/products/Se4640f5f09784018822e4524f920d2f4r.jpg?v=1677098161,1,,FALSE,,,,,,,,,,,,,,,,https://cdn.shopify.com/s/files/1/0728/2229/2791/products/S1e0618dce8be476baa17ea36f4fcff7ec.jpg?v=1677098161,kg,,,TRUE,TRUE,,,active
fashion-kids-clothes-set-toddler-baby-boy-girl-pattern-casual-tops-child-loose-trousers-2pcs-baby-boy-designer-clothing-outfit,Conjunto primavera-verão infantil,"<h1 style=""text-align: center;""><span style=""background-color: #2b00ff; color: #ffffff;"">Conjunto primavera-verão infantil </span></h1>
<div></div>
<div></div>
<div>
<p data-pm-slice=""1 1 []"">Com o clima imprevisível, é difícil saber se vai ficar quente ou frio durante a estação. Se preocupar com as crianças e garantir que estejam sempre bem vestidas pode ser uma tarefa árdua. O Conjunto primavera-verão infantil oferece soluções para esse problema! Feito de algodão macio, proporciona conforto e liberdade de movimento às crianças graças a suas mangas longas e blusões larguinhos.</p>
</div>
<div><img src=""https://ae01.alicdn.com/kf/H6e65cba3fa5f4cd99dde6792d7b5faebF.jpg"" alt=""Conjuntos de roupas do bebê da criança para o bebê infantil meninos roupas  conjunto arco íris pulôver + calças 2 pçs roupa dos miúdos traje 2022  primavera outfit|Conjuntos de roupas| - AliExpress"" width=""487"" height=""619"" data-mce-fragment=""1"" data-mce-src=""https://ae01.alicdn.com/kf/H6e65cba3fa5f4cd99dde6792d7b5faebF.jpg""></div>
<div></div>
<div>
<p data-pm-slice=""1 1 []"">O conjunto inclui calça e blusa de moletom, ambos feitos em algodão resistente para garantir proteção contra ventos frios que possam aparecer durante esses meses. Este Conjunto primavera-verão infantil reúne conforto e estilo num só lugar: mantem as crianças aquecidas no inverno enquanto não perdem seu charme próprio dos dias ensolarados da Primavera–Verão! Com cores moderninhas estampadas nas roupinhas, elas vêm cheias de energia pra brincar todos os diasinha com muito conforto.</p>
</div>
<div><img alt=""Conjuntos de roupas do bebê da criança para o bebê infantil meninos roupas  conjunto arco íris pulôver + calças 2 pçs roupa dos miúdos traje 2022  primavera outfit|Conjuntos de roupas| - AliExpress"" src=""https://ae01.alicdn.com/kf/H2233a7c6351f4cd4a7744989f9a2248c4.jpg"" width=""495"" height=""565""></div>
<div></div>
<div></div>
<div><img alt="""" src=""https://cdn.shopify.com/s/files/1/0682/9198/5717/files/Capturar_480x480.jpg?v=1669377378"" style=""display: block; margin-left: auto; margin-right: auto;""></div>",DSERS,,Kids,"moda,mais-vendidos",TRUE,Cor,Cinza,Kid Size,3-6M 66,,,14:200004890;200000463:200661895#3-6M 66,0.0,shopify,1000,continue,manual,170.00,215.00,TRUE,FALSE,,https://cdn.shopify.com/s/files/1/0728/2229/2791/products/S2e2c53b7b63d4a6386805489a97045896.jpg?v=1677098145,1,,FALSE,,,,,,,,,,,,,,,,https://cdn.shopify.com/s/files/1/0728/2229/2791/products/Seba48e4da74c41488b1ffd82cf847a9c2.jpg?v=1677098145,kg,,,TRUE,TRUE,,,active
fashion-kids-clothes-boys-girls-sets-top-shorts-2pcs-100-cotton-soft-summer-children-baby-cloths-t-shirt-shorts-toddler-suit,Conjunto infantil - verão,"<h1 style=""text-align: center;"" data-mce-style=""text-align: center;""><span style=""background-color: #2b00ff; color: #ffffff;"" data-mce-style=""background-color: #2b00ff; color: #ffffff;"">Conjunto infantil - verão</span></h1>
<p data-pm-slice=""1 1 []"">Procurando uma roupa confortável para seu filho? Não procure mais! Os Conjuntos de Roupas para Meninos oferecem a solução perfeita. Feitos de algodão suave e resistente, estes conjuntos combinam camiseta e shorts com diversos designs divertidos que vêm em tamanhos infantis desde o bebê até os menores. Esta coleção é ideal tanto para o verão quanto o outono. Estes conjuntos são leves, respiráveis ​​e extremamente confortáveis ​​para usar durante todo o dia.</p>
<p><span style=""background-color: #2b00ff; color: #ffffff;"" data-mce-style=""background-color: #2b00ff; color: #ffffff;""><img style=""display: block; margin-left: auto; margin-right: auto;"" height=""370"" width=""370"" src=""https://img.joomcdn.net/58c45fceedafb6ee10092ffa4758a515cff0388c_original.jpeg""></span></p>
<p> </p>
<p><span>Esta coleção é ideal tanto para o verão quanto o outono. Estes conjuntos são leves, respiráveis ​​e extremamente confortáveis ​​para usar durante todo o dia.</span></p>
<p><span style=""background-color: #2b00ff; color: #ffffff;"" data-mce-style=""background-color: #2b00ff; color: #ffffff;""><img style=""display: block; margin-left: auto; margin-right: auto;"" src=""https://img.joomcdn.net/fdaa4488a86cccff8f14e37ac06a82a24df0448a_400_400.jpeg"" alt=""Imagem 9 de 12""></span></p>
<p> </p>
<p><span style=""background-color: #2b00ff; color: #ffffff;"" data-mce-style=""background-color: #2b00ff; color: #ffffff;""><img src=""https://cdn.shopify.com/s/files/1/0682/9198/5717/files/Capturar_480x480.jpg?v=1669377378"" alt="""" style=""display: block; margin-left: auto; margin-right: auto;""></span></p>
<h1 style=""text-align: center;"" data-mce-style=""text-align: center;""><span style=""background-color: #2b00ff; color: #ffffff;"" data-mce-style=""background-color: #2b00ff; color: #ffffff;""> </span></h1>",DSERS,,Kids,"moda,mais-vendidos",TRUE,Modelo,Modelo 1,Tamanho,12M,,,14:771#Style 1 Thick;200000463:200661896,0.0,shopify,1000,continue,manual,106.25,145.60,TRUE,FALSE,,https://cdn.shopify.com/s/files/1/0728/2229/2791/products/Sde85cb69b39046da8c18c19a5f6c8fc9H.jpg?v=1677098130,1,,FALSE,,,,,,,,,,,,,,,,https://cdn.shopify.com/s/files/1/0728/2229/2791/products/Sc6adcf3997534b62ac4921b51c9a04ecD.jpg?v=1677098130,kg,,,TRUE,TRUE,,,active
2pcs-new-kids-tracksuits-summer-solid-baby-boy-sport-outfits-children-clothes-sets-clothing-t-shirt-shorts-set-for-toddler-girls,Conjunto infantil - menino,"<h1 data-pm-slice=""1 1 []"" style=""text-align: center;"" data-mce-fragment=""1""><span style=""background-color: #2b00ff; color: #ffffff;""></span></h1>
<h1 data-pm-slice=""1 1 []"" style=""text-align: center;"" data-mce-fragment=""1""><span style=""background-color: #2b00ff; color: #ffffff;"">Conjunto infantil - menino </span></h1>
<p data-pm-slice=""1 1 []"" data-mce-fragment=""1"">Muitos pais têm dificuldade em encontrar roupas para seus filhos que sejam confortáveis, de alta qualidade e ainda assim neutras o suficiente para combinar com qualquer coisa. A maioria das roupas infantis é carregada com estampas e cores brilhantes que podem ser divertidas, mas às vezes os pais precisam de uma opção mais sóbria.</p>
<p data-pm-slice=""1 1 []"" data-mce-fragment=""1""> </p>
<p data-pm-slice=""1 1 []"" data-mce-fragment=""1""><img alt=""a6.jpg"" src=""https://ae01.alicdn.com/kf/S99e7f84fded7410485c531aae40327c3W.jpg?width=1000&amp;height=1000&amp;hash=2000"" width=""554"" height=""554"" style=""display: block; margin-left: auto; margin-right: auto;""></p>
<p data-pm-slice=""1 1 []"" data-mce-fragment=""1"">Além disso, as roupas de verão para crianças precisam ser leves o suficiente para mantê-las frescas e confortáveis durante os dias quentes. Felizmente, o nosso conjunto de roupa infantil oferece aos pais exatamente o que eles precisam.</p>
<p data-pm-slice=""1 1 []"" data-mce-fragment=""1""> </p>
<p data-pm-slice=""1 1 []"" data-mce-fragment=""1""><img alt=""a1.jpg"" src=""https://ae01.alicdn.com/kf/S09a2991d404a47ce9b60e89b6b37eed9q.jpg?width=1000&amp;height=1000&amp;hash=2000"" width=""521"" height=""521"" style=""display: block; margin-left: auto; margin-right: auto;""></p>
<p data-pm-slice=""1 1 []"" data-mce-fragment=""1""> </p>
<p data-pm-slice=""1 1 []"" data-mce-fragment=""1""><img alt="""" src=""https://cdn.shopify.com/s/files/1/0682/9198/5717/files/Capturar_480x480.jpg?v=1669377378"" style=""display: block; margin-left: auto; margin-right: auto;""></p>",DSERS,,Kids,"moda,mais-vendidos",TRUE,Color,Roxo,Kid Size,80(9-12M),,,14:771#Purple;200000463:200004187#80(9-12M),0.0,shopify,1000,continue,manual,160.00,195.00,TRUE,FALSE,,https://cdn.shopify.com/s/files/1/0728/2229/2791/products/S5cecf5a958904d71bf8771b429d37725f.jpg?v=1677098069,1,,FALSE,,,,,,,,,,,,,,,,https://cdn.shopify.com/s/files/1/0728/2229/2791/products/S96194a52413c4bdcacb5d53cdf202a63Y.jpg?v=1677098069,kg,,,TRUE,TRUE,,,active
organic-cotton-baby-clothes-set-summer-casual-tops-shorts-for-boys-girls-set-unisex-toddlers-2-pieces-kids-baby-outifs-clothing,Conjunto infantil,"<h1 data-pm-slice=""1 1 []"" style=""text-align: center;""><span style=""background-color: #2b00ff; color: #ffffff;""></span></h1>
<h1 data-pm-slice=""1 1 []"" style=""text-align: center;""><span style=""background-color: #2b00ff; color: #ffffff;"">Conjunto infantil </span></h1>
<p data-pm-slice=""1 1 []""> </p>
<p data-pm-slice=""1 1 []"">Você está à procura de um conjunto infantil que combine com o estilo único e descolado das crianças? Então não procure mais, pois temos a solução para você. O Conjunto Infantil é ideal para meninos e meninas. Ele vem com uma camisa de manga curta em estilo bata, com caimento solto, gola redonda e dois botões frontais feitos de madeira. O short também é confortável, possui cós elástico suave, cordão de algodão cru e bolso posterior. Esta combinação exclusiva oferece visual lindo e moderno para as crianças!</p>
<h1 style=""text-align: center;""><img alt=""A351d98281ede4a6f91bff385677f2864S2_13102022142147223.jpg"" src=""https://trayapp.blob.core.windows.net/development/859272/products/A351d98281ede4a6f91bff385677f2864S2_13102022142147223.jpg"" width=""415"" height=""553""></h1>
<p data-pm-slice=""1 1 []"">O Conjunto Infantil conta com diversas características práticas que farão a alegria dos pequenos! A camisa foi desenvolvida especialmente para ter caimento solto e leve no corpo da criança enquanto seus detalhes em madeira darão um toque rústico à roupa. Já o short possui elastano na parte superior proporcionando maior elasticidade nos movimentos da criança. Seu cordão além de conferir elegância ainda evita que o short fique abrindo durante os brincadeiras mais agitadas!. Portanto se você busca por um conjunto infantil único, descolado e resistente escolha sem medo este Conjunto Infantil! Seus tecidos macios iram garantir total liberdade nos movimentos dando muita liberdade nas brincadeiras destes pequenos guerreiros! Além disso ele conta com visual moderninho permitindo montar looks incríveis para qualquer ocasiões!</p>
<h1 style=""text-align: center;"">
<img src=""https://trayapp.blob.core.windows.net/development/859272/products/Aea6bbededd254d658065d308bd27928aC2_13102022142201952.jpg"" alt=""Aea6bbededd254d658065d308bd27928aC2_13102022142201952.jpg"" width=""414"" height=""552"" data-mce-fragment=""1"" data-mce-src=""https://trayapp.blob.core.windows.net/development/859272/products/Aea6bbededd254d658065d308bd27928aC2_13102022142201952.jpg""><br>
</h1>
<p> </p>
<p><img alt="""" src=""https://cdn.shopify.com/s/files/1/0682/9198/5717/files/Capturar_480x480.jpg?v=1669377378"" style=""display: block; margin-left: auto; margin-right: auto;""></p>
<p> </p>",DSERS,,Kids,"moda,mais-vendidos",TRUE,Cor,Azul,Tamanho,66cm(3-6M),,,14:173#blue;200000463:200661895#66cm(3-6M),0.0,shopify,1000,continue,manual,135.00,198.00,TRUE,FALSE,,https://cdn.shopify.com/s/files/1/0728/2229/2791/products/Sc46b1cb002ad4db5811f805af042245aY.jpg?v=1677098025,1,,FALSE,,,,,,,,,,,,,,,,https://cdn.shopify.com/s/files/1/0728/2229/2791/products/Sa5b49d40d2cd42529acbcead37ec3f4c3.jpg?v=1677098026,kg,,,TRUE,TRUE,,,active
new-cotton-autumn-baby-girls-clothes-t-shirts-winter-turtleneck-collar-t-shirt-for-1-6y-kids-long-sleeve-t-shirt-baby-girls-tops,Camisa Infantil - menina,"<h1 style=""text-align: center;""><span style=""background-color: #2b00ff; color: #ffffff;"">Camisa Infantil - menina </span></h1>
<p data-pm-slice=""1 1 []"">Procurando por uma roupa confortável e apropriada para as meninas? Com o clima mudando constantemente, é difícil encontrar algo que seja adequado para o tempo mais quente. A Camisa Manga Longa para Meninas está aqui para resolver este problema. Esta camisa foi feita de 100% algodão macio, tornando-se fácil de lavar e manter. Suas cores vibrantes são marcadas com corações lindos que adicionam um toque divertido à sua aparência única. <img src=""https://ae01.alicdn.com/kf/H10a0aaede47d4269bc51d541512ae2b3y.jpg?width=800&amp;height=1632&amp;hash=2432"" width=""366"" height=""746"" style=""display: block; margin-left: auto; margin-right: auto;""></p>
<p> </p>
<p data-pm-slice=""1 1 []"">O design clássico da manga longa permite que elas mantenham-se quentes durante os dias mais frios do ano sem abrir mão da moda e do estilo . Com a Camisa Manga Longa para Meninas , você pode ter certeza de que suas filhas estarão confortáveis ​​no calor ou no frio. Este produto oferece resistência contra desgaste e solidez em qualidade superior - tudo enquanto fornece aconchego na pele delas! É simplesmente indispensável nas roupas desses pequenos: bonito, prático e duradouro!</p>
<p><img src=""https://ae01.alicdn.com/kf/H9f939d4997fb434f8b3ea5238614a7f4G.jpg?width=800&amp;height=555&amp;hash=1355"" width=""523"" height=""363"" data-mce-fragment=""1"" data-mce-src=""https://ae01.alicdn.com/kf/H9f939d4997fb434f8b3ea5238614a7f4G.jpg?width=800&amp;height=555&amp;hash=1355""></p>
<p> </p>
<p><img alt="""" src=""https://cdn.shopify.com/s/files/1/0682/9198/5717/files/Capturar_480x480.jpg?v=1669377378"" style=""display: block; margin-left: auto; margin-right: auto;""></p>",DSERS,,Kids,"moda,mais-vendidos",TRUE,Cor,Branco,Tamanho,2T,,,14:771#T636-white;200000463:200004187,0.0,shopify,1000,continue,manual,113.00,140.00,TRUE,FALSE,,https://cdn.shopify.com/s/files/1/0728/2229/2791/products/H1ad9ab87b5ac45129ce97016e01b6f0fY.jpg?v=1677097972,1,,FALSE,,,,,,,,,,,,,,,,https://cdn.shopify.com/s/files/1/0728/2229/2791/products/H9237aa28ba8a45c68920fe2b5603fef6H.jpg?v=1677097972,kg,,,TRUE,TRUE,,,active
kids-t-shirts-girls-summer-unicorn-clothes-baby-t-shirts-children-ruffle-sleeve-clothing-graphic-t-shirt-tee,blusa infantil - menina,"<h1></h1>
<h1 style=""text-align: center;"">
<span style=""background-color: #2b00ff; color: #ffffff;"">blusa infantil - menina </span><span></span>
</h1>
<p data-pm-slice=""1 1 []"">Procurando uma roupa confortável e bonita para a sua menina? Então, você chegou ao lugar certo! Nossa blusa de menina é ideal para o verão. Feita com algodão macio e leve, esta blusa oferece um toque suave na pele da criança. A manga curta garante que elas se mantenham frescas mesmo nos dias mais quentes do ano.</p>
<p><span style=""background-color: #2b00ff; color: #ffffff;""><img alt=""aeProduct.getSubject()"" src=""https://ae01.alicdn.com/kf/HTB1GIn0PpXXXXbeXXXXq6xXFXXXi/225354938/HTB1GIn0PpXXXXbeXXXXq6xXFXXXi.jpg?width=800&amp;height=800&amp;size=129236&amp;hash=130836"" width=""390"" height=""390"" style=""display: block; margin-left: auto; margin-right: auto;""></span></p>
<p data-pm-slice=""1 1 []"">Disponível em diversos tamanhos, cores e padrões exclusivos, há sempre algo para agradar às preferências individuais de qualquer menina. Além disso, o material resistente garantirá que ela desfrute deste item durante muito tempo! Ofereça à sua filha conforto e beleza neste verão!</p>
<p><span style=""background-color: #2b00ff; color: #ffffff;""><img alt=""aeProduct.getSubject()"" src=""https://ae01.alicdn.com/kf/HTB18WrNPpXXXXcBXpXXq6xXFXXXo/225354938/HTB18WrNPpXXXXcBXpXXq6xXFXXXo.jpg?width=750&amp;height=552&amp;size=56904&amp;hash=58206"" width=""681"" height=""501"" style=""display: block; margin-left: auto; margin-right: auto;""></span></p>
<p> </p>
<p> </p>
<p> </p>
<p> </p>
<p><span style=""background-color: #2b00ff; color: #ffffff;""><img alt="""" src=""https://cdn.shopify.com/s/files/1/0682/9198/5717/files/Capturar_480x480.jpg?v=1669377378"" style=""display: block; margin-left: auto; margin-right: auto;""></span></p>",DSERS,,Kids,"moda,mais-vendidos",TRUE,Modelo,Modelo 1,Tamanho,90,,,14:771#Green Girl;200000463:200004188#90,0.0,shopify,1000,continue,manual,133.00,167.00,TRUE,FALSE,,https://cdn.shopify.com/s/files/1/0728/2229/2791/products/Se4d14609ff4c42cca4cd875c17ba26c82.jpg?v=1677097923,1,,FALSE,,,,,,,,,,,,,,,,https://cdn.shopify.com/s/files/1/0728/2229/2791/products/Se4d14609ff4c42cca4cd875c17ba26c82.jpg?v=1677097923,kg,,,TRUE,TRUE,,,active
nappy-backpack-bag-mummy-large-capacity-bag-mom-baby-multi-function-waterproof-outdoor-travel-diaper-bags-for-baby-care,Mochila Maternidade,"<h1></h1>
<h1 style=""text-align: center;""><span style=""background-color: #2b00ff; color: #ffffff;""> Mochila Maternidade</span></h1>
<p data-pm-slice=""1 1 []"">A mochila Maternidade é ideal para levar todos os itens que a mamãe e o bebê precisam no dia a dia. Super espaçosa, leve e confortável, ela possui costura reforçada, tecido impermeável e ganchos para prender a bolsa no carrinho. Dessa forma, você pode estar sempre preparada para qualquer imprevisto!</p>
<p><span style=""background-color: #2b00ff; color: #ffffff;""><img src=""https://static.zattini.com.br/produtos/bolsamochila-maternidade-land-com-usb-e-impermeavel/08/OZT-0010-008/OZT-0010-008_zoom2.jpg?ts=1605048388&amp;"" width=""550"" height=""550"" style=""display: block; margin-left: auto; margin-right: auto;""></span></p>
<p><span data-mce-fragment=""1"">Possui espaço independente para guardar fraldas e b</span><span data-mce-fragment=""1"">olso térmico para armazenar até 3 mamadeiras e mantê-la aquecida.</span><img src=""https://static.zattini.com.br/produtos/bolsamochila-maternidade-land-com-usb-e-impermeavel/08/OZT-0010-008/OZT-0010-008_zoom4.jpg?ts=1605048388&amp;?ims=544xhttps://static.zattini.com.br/produtos/bolsamochila-maternidade-land-com-usb-e-impermeavel/08/OZT-0010-008/OZT-0010-008_zoom4.jpg?ts=1605048388&amp;?ims=1088x"" width=""576"" height=""576"" style=""display: block; margin-left: auto; margin-right: auto;""></p>
<p> </p>
<p><img alt="""" src=""https://cdn.shopify.com/s/files/1/0682/9198/5717/files/Capturar_480x480.jpg?v=1669377378"" style=""display: block; margin-left: auto; margin-right: auto;""></p>
<p> </p>",DSERS,,Kids,"Maternidade,mais-vendidos",TRUE,Color,cor 1,,,,,14:771#TQ01-light gray;200007763:201336100,0.0,shopify,1000,continue,manual,350.00,399.00,TRUE,FALSE,,https://cdn.shopify.com/s/files/1/0728/2229/2791/products/H6dbba7b1fa434036a02cf9e9bb5e4d12j.jpg?v=1677098280,1,,FALSE,,,,,,,,,,,,,,,,https://cdn.shopify.com/s/files/1/0728/2229/2791/products/H95556dc8e9154196ab4569bc65b95976C.jpg?v=1677098280,kg,,,TRUE,TRUE,,,active
8-6-1-pieces-set-travel-organizer-storage-bags-suitcase-packing-set-storage-cases-portable-luggage-organizer-clothe-shoe-pouch,Kit Organizador Para Mala Maternidade,"<h1 style=""text-align: center;""><span style=""background-color: #2b00ff; color: #ffffff;"">Kit Organizador Para Mala Maternidade </span></h1>
<p data-pm-slice=""1 1 []"">Você está à procura de um kit organizador para mala maternidade? O nosso kit é perfeito para separar as roupinhas do seu bebê em bolsinha, preservando a organização.</p>
<p><img src=""https://m.media-amazon.com/images/I/61Km17otY3L._AC_SL1200_.jpg"" width=""514"" height=""341"" style=""display: block; margin-left: auto; margin-right: auto;"" data-mce-fragment=""1"" data-mce-src=""https://m.media-amazon.com/images/I/61Km17otY3L._AC_SL1200_.jpg""></p>
<p data-pm-slice=""1 1 []"">Esse kit foi desenvolvido especialmente para ajudar as mamães a manterem as roupas do bebê sempre limpas e organizadas, mesmo quando estão fora de casa. Ele vem com três bolsinhas separadas, em que você pode guardar as roupas sujas, limpas e úmidas do seu filho. </p>
<p><img src=""https://m.media-amazon.com/images/I/619XU38HaxL._AC_SL1200_.jpg"" width=""469"" height=""268"" style=""display: block; margin-left: auto; margin-right: auto;""></p>
<p><span>Além disso, os organizadores são feitos de material resistente e à prova d'água, para garantir que as roupas do bebê fiquem sempre protegidas.</span></p>
<p><img src=""https://m.media-amazon.com/images/I/61ejfHev6LL._AC_SL1200_.jpg"" width=""469"" height=""351"" style=""display: block; margin-left: auto; margin-right: auto;""></p>
<p> </p>
<p><img alt="""" src=""https://cdn.shopify.com/s/files/1/0682/9198/5717/files/Capturar_480x480.jpg?v=1669377378"" style=""display: block; margin-left: auto; margin-right: auto;""></p>",DSERS,,Kids,"Maternidade,mais-vendidos",TRUE,Modelo,8 pacotes/ cor 1,,,,,14:193#8pcs-water proof,0.0,shopify,1000,continue,manual,228.00,265.00,TRUE,FALSE,,https://cdn.shopify.com/s/files/1/0728/2229/2791/products/H11514b8238d44cb69dda43c018467bb6A.jpg?v=1677098223,1,,FALSE,,,,,,,,,,,,,,,,https://cdn.shopify.com/s/files/1/0728/2229/2791/products/H4edd12bd6d8e47d4813f459131ffb1ee6.jpg?v=1677098223,kg,,,TRUE,TRUE,,,active
pregnant-women-belts-maternity-belly-belt-waist-care-abdomen-support-belly-band-back-brace-protector-pregnant-maternity-clothes,Cinta de sustentação para  Grávidas,"<h1 style=""text-align: center;"" data-mce-style=""text-align: center;""><span style=""background-color: #2b00ff; color: #ffffff;"" data-mce-style=""background-color: #2b00ff; color: #ffffff;"">Cinta de sustentação para  Grávidas </span></h1>
<p data-pm-slice=""1 1 []"">A gravidez é uma das fases mais especiais na vida de uma mulher, mas também pode ser bastante desconfortável. O aumento do peso e o crescimento da barriga podem causar dores nas costas, pernas e abdômen. A Cinta de sustentação para grávidas foi desenvolvida para aliviar esses desconfortos, oferecendo conforto à futura mamãe em todas as fases da gestação. </p>
<p><span style=""background-color: #2b00ff; color: #ffffff;"" data-mce-style=""background-color: #2b00ff; color: #ffffff;""><img style=""display: block; margin-left: auto; margin-right: auto;"" height=""505"" width=""337"" src=""https://cdn.shopify.com/s/files/1/0462/7392/1177/files/Hf2f1691dd51041eeb8baef8ea326437eW.jpg?v=1617293472"" alt=""Cinta para Grávida Gestante Apoio Sustentação Abdominal"" data-mce-style=""display: block; margin-left: auto; margin-right: auto;"" data-mce-src=""https://cdn.shopify.com/s/files/1/0462/7392/1177/files/Hf2f1691dd51041eeb8baef8ea326437eW.jpg?v=1617293472""></span></p>
<p><span style=""color: #000000; background-color: #ffffff;"" data-mce-style=""color: #000000; background-color: #ffffff;"">Com uma solução exclusiva para toda a gestação, a Cinta de sustentação para grávidas é ajustável e se adapta perfeitamente à barriga em crescimento. Além disso, ela tem um suporte lombar que proporciona um alívio imediato das dores nas costas (lombalgias). Por meio de seus diversos benefícios, a Cinta de sustentação para grávidas é a melhor opção para garantir o conforto da futura mamãe durante toda a gestação.</span></p>
<p> </p>
<p><span style=""background-color: #2b00ff; color: #ffffff;"" data-mce-style=""background-color: #2b00ff; color: #ffffff;""><img style=""display: block; margin-left: auto; margin-right: auto;"" src=""https://cdn.shopify.com/s/files/1/0173/0383/0582/files/H151e5b3600354691a720657e5d4ef20_480x480.jpg?v=1666624465"" data-mce-style=""display: block; margin-left: auto; margin-right: auto;"" data-mce-src=""https://cdn.shopify.com/s/files/1/0173/0383/0582/files/H151e5b3600354691a720657e5d4ef20_480x480.jpg?v=1666624465""><br></span></p>
<p> </p>
<p><span style=""background-color: #2b00ff; color: #ffffff;"" data-mce-style=""background-color: #2b00ff; color: #ffffff;""><img alt="""" src=""https://cdn.shopify.com/s/files/1/0682/9198/5717/files/Capturar_480x480.jpg?v=1669377378"" style=""display: block; margin-left: auto; margin-right: auto;""></span></p>",DSERS,,Kids,"Maternidade,mais-vendidos",TRUE,Tamanho,M,Cor,Nude,,,200007763:201336100;5:361386;14:771#Nude,0.0,shopify,1000,continue,manual,125.00,160.00,TRUE,FALSE,,https://cdn.shopify.com/s/files/1/0728/2229/2791/products/U25a11784a5bb4a45ad24642b31313100B.jpg?v=1677097997,1,,FALSE,,,,,,,,,,,,,,,,https://cdn.shopify.com/s/files/1/0728/2229/2791/products/Uc588e5c5689f486dbe09992702811e12t.jpg?v=1677097997,kg,,,TRUE,TRUE,,,active
high-waist-pregnancy-leggings-skinny-maternity-clothes-for-pregnant-women-belly-support-knitted-leggins-body-shaper-trousers,Calça Legging Para Gestante,"<h1></h1>
<h1 style=""text-align: center;"">
<span style=""background-color: #2b00ff; color: #ffffff;"">Calça Legging Para Gestante</span><span></span>
</h1>
<p data-pm-slice=""1 1 []"">A Calça Legging para Gestante é perfeita para você mamãe, pois ela é mega confortável. O cós anatômico é adaptado às gestantes, pois acompanha o crescimento da barriga.</p>
<p><span style=""background-color: #2b00ff; color: #ffffff;""><img src=""https://ae01.alicdn.com/kf/Hd0a670bbec4d4171b557ff7a9f52ee5dX.jpg"" width=""520"" height=""520"" style=""display: block; margin-left: auto; margin-right: auto;""></span></p>
<p><span style=""color: #000000; background-color: #ffffff;""> A legging tem um design moderno e sofisticado que valoriza a sua silhueta. Ela também possui um bolso traseiro prático para guardar os seus pertences durante a gravidez.</span></p>
<p><span style=""background-color: #2b00ff; color: #ffffff;""><img src=""https://ae01.alicdn.com/kf/H4e221f53320e4343bea61d1b393a5d14j.jpg"" width=""496"" height=""496"" style=""display: block; margin-left: auto; margin-right: auto;""><br></span></p>
<p> </p>
<p> </p>
<p><span style=""background-color: #2b00ff; color: #ffffff;""><img alt="""" src=""https://cdn.shopify.com/s/files/1/0682/9198/5717/files/Capturar_480x480.jpg?v=1669377378"" style=""display: block; margin-left: auto; margin-right: auto;""></span></p>",DSERS,,Kids,"Maternidade,mais-vendidos",TRUE,Cor,Preto,Tamanho,P,,,14:193;200000855:100014064,0.0,shopify,1000,continue,manual,156.00,189.90,TRUE,FALSE,,https://cdn.shopify.com/s/files/1/0728/2229/2791/products/Ha2000c34499e4c77b3fb4c81f1a71f67d.jpg?v=1677097957,1,,FALSE,,,,,,,,,,,,,,,,https://cdn.shopify.com/s/files/1/0728/2229/2791/products/Ha2000c34499e4c77b3fb4c81f1a71f67d.jpg?v=1677097957,kg,,,TRUE,TRUE,,,active
breast-pump-baby-nipple-manual-suction-milk-pump-feeding-breasts-pumps-milk-bottle-sucking-postpartum-supplies-accessories,Bomba Manual - extratora de leite,"<h1 style=""text-align: center;"" data-mce-style=""text-align: center;""><span style=""background-color: #2b00ff; color: #ffffff;"" data-mce-style=""background-color: #2b00ff; color: #ffffff;"">Bomba Manual - extratora de leite </span></h1>
<p> </p>
<p data-pm-slice=""1 1 []"">Muitas mamães sofrem com a falta de conforto e suavidade na hora da extração do leite materno. Isso pode causar dor, incômodo e até mesmo diminuir a quantidade de leite que é extraída.</p>
<p data-pm-slice=""1 1 []""> </p>
<p data-pm-slice=""1 1 []""><img alt=""Bomba Extrator Tira-Leite Materno Perfect Silicone P e F Manual | Shopee  Brasil"" src=""https://cf.shopee.com.br/file/sg-11134201-22110-4ki3v9dtu1jvbb"" width=""604"" height=""604"" style=""display: block; margin-left: auto; margin-right: auto;""></p>
<p data-pm-slice=""1 1 []""> </p>
<p data-pm-slice=""1 1 []"">Com o design inovador e ergonômico da Bomba Manual - extratora de leite, isso não será um problema! Sua almofada em silicone macio com pétalas estimula o fluxo do leite através de uma massagem suave e agradável, proporcionando às mamães maior conforto e eficiência na hora da extração.</p>
<p data-pm-slice=""1 1 []""><img alt=""bomba tira leite materno manual multikids bb010 - Americanas - En[...]"" src=""https://static.catalogohospitalar.com.br/upload/produtos/62649/imagem-de-bomba-tira-leite-materno-manual-multikids-bb010_g.jpg"" width=""422"" height=""422"" style=""display: block; margin-left: auto; margin-right: auto;""></p>
<p data-pm-slice=""1 1 []""> </p>
<strong>Descrição:</strong><br helvetica="""" proxima="""" font-size:=""""><span>- Eficiência: Design proporciona grande capacidade de sucção maximizando o tempo das mamães.</span><br helvetica="""" proxima="""" font-size:=""""><span>- Conforto: A almofada de silicone com pétalas estimula o fluxo de leite através de uma massagem suave e agradável.</span><br helvetica="""" proxima="""" font-size:=""""><span>- Ergonomia: Alavanca ergonômica, resistente e fácil de usar, auxilia na sucção contínua.</span><br helvetica="""" proxima="""" font-size:=""""><span>- Alta Qualidade: Resistente á lavagem na máquina de lavar louças.</span><br helvetica="""" proxima="""" font-size:=""""><span>- Praticidade: Poucos componentes individuais, para uma rápida desmontagem e montagem.</span><br><span>- Facilita o processo de limpeza e esterilização.</span>
<p> </p>
<p> </p>
<p><img alt="""" src=""https://cdn.shopify.com/s/files/1/0682/9198/5717/files/Capturar_480x480.jpg?v=1669377378"" style=""display: block; margin-left: auto; margin-right: auto;""></p>",DSERS,,Kids,"Maternidade,mais-vendidos",TRUE,Title,Manual breast pump,,,,,14:29#Manual breast pump;200007763:201336100,0.0,shopify,1000,continue,manual,129.50,165.00,TRUE,FALSE,,https://cdn.shopify.com/s/files/1/0728/2229/2791/products/H6f886f5c11de44ebb7b6f59ab752798d9.jpg?v=1677097951,1,,FALSE,,,,,,,,,,,,,,,,https://cdn.shopify.com/s/files/1/0728/2229/2791/products/H6f886f5c11de44ebb7b6f59ab752798d9.jpg?v=1677097951,kg,,,TRUE,TRUE,,,active
cotton-waist-maternity-pillow-for-pregnant-women-pregnancy-pillow-u-full-body-pillows-to-sleep-pregnancy-cushion-pad-products,Almofada Maternidade,"<h1 style=""text-align: center;"" data-mce-style=""text-align: center;""><span style=""background-color: #2b00ff; color: #ffffff;"" data-mce-style=""background-color: #2b00ff; color: #ffffff;"">Almofada Maternidade</span></h1>
<p data-pm-slice=""1 1 []"">A almofada de maternidade é super macia, feita de algodão, e oferece o suporte ideal para a barriga da gestante. O sistema de ajuste permite que ela se encaixe perfeitamente nos quadris e na coluna, reduzindo a pressão e o desconforto nas costas. </p>
<p><img src=""https://cdn.shopify.com/s/files/1/0587/2461/4321/files/H51123b2c7e5f49ea935b167b86e01076Z_480x480.jpg?v=1666130216"" style=""display: block; margin-left: auto; margin-right: auto;""><br></p>
<p><span>A almofada é uma ótima opção para as mulheres que buscam melhor qualidade no sono durante a gravidez, mantendo o corpo alinhado e reduzindo os riscos de dores nas costas.</span></p>
<p><img src=""https://cdn.shopify.com/s/files/1/0587/2461/4321/files/He268719bd1114e64922da65b4ff7fa60x_1_480x480.jpg?v=1666130426"" style=""display: block; margin-left: auto; margin-right: auto;""></p>
<p> </p>
<p><img alt="""" src=""https://cdn.shopify.com/s/files/1/0682/9198/5717/files/Capturar_480x480.jpg?v=1669377378"" style=""display: block; margin-left: auto; margin-right: auto;""></p>",DSERS,,Kids,"Maternidade,mais-vendidos",TRUE,Cor,Azul - fundo do mar,,,,,14:691#B Blue seafloor,0.0,shopify,1000,continue,manual,225.00,260.00,TRUE,FALSE,,https://cdn.shopify.com/s/files/1/0728/2229/2791/products/H51123b2c7e5f49ea935b167b86e01076Z.jpg?v=1677097895,1,,FALSE,,,,,,,,,,,,,,,,https://cdn.shopify.com/s/files/1/0728/2229/2791/products/Hbf922f29743b4f4da22a6e2d67c2dfebA.jpg?v=1677097895,kg,,,TRUE,TRUE,,,active
baby-toddler-cap-anti-collision-protective-hat-baby-safety-helmet-soft-comfortable-head-security-amp-protection-adjustab,Touca protetora  para  crianças,"<h1 style=""text-align: center;""><span style=""background-color: #2b00ff; color: #ffffff;"">Touca protetora para crianças</span></h1>
<p> </p>
<p data-pm-slice=""1 1 []"">Mantendo seu bebê seguro e protegido enquanto aprende a explorar o mundo é muito importante. Mas com quedas, choques diários e contusões a cabeça do bebê fica exposta e precisa de uma proteção extra. Esta touca protetora para crianças foi projetada especificamente para oferecer essa proteção extra que todos os pais procuram.</p>
<p data-pm-slice=""1 1 []""><span style=""background-color: #2b00ff; color: #ffffff;""><img style=""display: block; margin-left: auto; margin-right: auto;"" height=""519"" width=""519"" src=""https://ae01.alicdn.com/kf/He67df2b37a264a7d9aa8f1454e20f35dS.jpg?width=800&amp;height=800&amp;hash=1600""></span></p>
<p><span style=""color: #000000; background-color: #ffffff;"">Esta touca protetora para crianças foi desenvolvida com material de alta qualidade que garante um encaixe perfeito na cabeça do bebê . O tecido respirável permite manter a temperatura da cabeça confortável durante todo o dia, enquanto absorve rapidamente suor excessivo nos dias quentes. Além disso, é totalmente ajustável por meio de velcro para caber perfeitamente no tamanho da cabeça do seu pequeno. </span></p>
<p> <img height=""669"" width=""511"" src=""https://ae01.alicdn.com/kf/H9206976e1f5c4082a4417e4884db3fe35.jpg?width=790&amp;height=1034&amp;hash=1824"" alt="""" style=""display: block; margin-left: auto; margin-right: auto;"" data-mce-fragment=""1"" data-mce-src=""https://ae01.alicdn.com/kf/H9206976e1f5c4082a4417e4884db3fe35.jpg?width=790&amp;height=1034&amp;hash=1824"" data-mce-selected=""1""></p>
<p data-pm-slice=""1 1 []"">A Touca Protetora possui design leve e ergonômico que fornece excelente amortecimento dos choques diários e contusões, mantendo assim as delicadas fontanelas abertas na posição correta mesmo durante as briguinhas mais estimulantes entre irmãos. Ao usar esta touca você pode ter certeza de que sua preciosa cabecinha estará devidamente PROTEGIDA!</p>
<p> </p>
<div style=""text-align: left;""></div>
<div style=""text-align: left;""></div>
<div style=""text-align: left;""><img style=""display: block; margin-left: auto; margin-right: auto;"" src=""https://cdn.shopify.com/s/files/1/0682/9198/5717/files/Capturar_480x480.jpg?v=1669377378"" alt=""""></div>
<p> </p>",DSERS,,Kids,"cuidados,mais-vendidos",TRUE,Cor,7,,,,,14:29#7;5:200001058,0.0,shopify,1000,continue,manual,112.25,145.90,TRUE,FALSE,,https://cdn.shopify.com/s/files/1/0728/2229/2791/products/Ha1c2fbf69a6447bc8b4582e9928392985.jpg?v=1677098366,1,,FALSE,,,,,,,,,,,,,,,,https://cdn.shopify.com/s/files/1/0728/2229/2791/products/H5e6e9adf9e964f29a7522b6169afaa22i.jpg?v=1677098366,kg,,,TRUE,TRUE,,,active
6-pairs-lot-0-to-6-yrs-cotton-children-39-s-anti-slip-boat-socks-for-boys-girl-low-cut-floor-kid-sock-with-rubber-grips-four-season,Meia infantil - antiderrapante,"<h1 style=""text-align: center;""><span style=""background-color: #2b00ff; color: #ffffff;"">Meia infantil - antiderrapante </span></h1>
<p> </p>
<p data-pm-slice=""1 1 []"">Quando as crianças começam a descobrir o mundo, se levantar e andar pode ser um dos maiores desafios para elas. Não é recomendado o uso de calçados até que elas aprendam a andar e, por isso, é melhor deixá-las descalças para experimentarem sua liberdade pelos próprios pés. No entanto, isso gera uma preocupação: elas não escorregam na hora de se levantar? Para resolver esses problemas existe a Meia Infantil Antiderrapante.</p>
<p data-pm-slice=""1 1 []""><span style=""background-color: #2b00ff; color: #ffffff;""><img style=""display: block; margin-left: auto; margin-right: auto;"" height=""271"" width=""407"" src=""https://www.babytips.it/wp-content/uploads/2021/04/calze-antiscivolo.jpg"" alt=""melhores meias antiderrapantes para crianças""></span></p>
<p> </p>
<p> </p>
<p data-pm-slice=""1 1 []""><span> </span>A meia infantil antiderrapante permite que as crianças possam se sentir livres em qualquer lugar sem ter medo de escorregar enquanto tentam dar os primeiros passos. É feita com material resistente à água e durável; além disso tem acabamento antiderrapante embutido no produto amplificando a aderência do chão proporcionando maior estabilidade às crianças quando estiver em movimento.</p>
<p> </p>
<p><span style=""background-color: #2b00ff; color: #ffffff;""><img style=""display: block; margin-left: auto; margin-right: auto;"" height=""409"" width=""409"" src=""http://www.betisa.com.br/cdn/imagens/produtos/det/meia-infantil-lupo-baby-antiderrapante-182d0d42a1c87f6fcc14e1887aae4769.jpg"" alt=""Meia Infantil Lupo Baby Antiderrapante 2041-001 | Betisa""></span></p>
<p> </p>
<p> </p>
<p><span style=""background-color: #2b00ff; color: #ffffff;""><img style=""display: block; margin-left: auto; margin-right: auto;"" src=""https://cdn.shopify.com/s/files/1/0682/9198/5717/files/Capturar_480x480.jpg?v=1669377378"" alt=""""></span></p>
<p> </p>",DSERS,,Kids,"cuidados,mais-vendidos",TRUE,Color,1,Tamanho,0 to 12 M,,,14:771#1;5:201336222#0 to 12 M;200007763:201336100,0.0,shopify,1000,continue,manual,116.89,146.90,TRUE,FALSE,,https://cdn.shopify.com/s/files/1/0728/2229/2791/products/Sd4f66449dee3461da7bf9614adad4234i.jpg?v=1677098258,1,,FALSE,,,,,,,,,,,,,,,,https://cdn.shopify.com/s/files/1/0728/2229/2791/products/HTB1YBHEavBj_uVjSZFpq6A0SXXaL.jpg?v=1677098258,kg,,,TRUE,TRUE,,,active
baby-knee-pad-kids-safety-crawling-elbow-cushion-infants-toddlers-protector-safety-knee-pad-leg-warmer-girls-boys-accessories,Joelheira  protetora para bebês,"<h1 style=""text-align: center;"" data-mce-style=""text-align: center;""><span style=""background-color: #2b00ff; color: #ffffff;"" data-mce-style=""background-color: #2b00ff; color: #ffffff;"">Joelheira  protetora para bebês</span></h1>
<p data-pm-slice=""1 1 []"">Durante os primeiros anos de vida do bebê, a segurança é uma preocupação constante para todos os pais. O contato frequente com o solo pode levar à irritação e feridas na pele delicada do bebê, além de manchas que podem ser difíceis de remover. A joelheira protetora é um acessório essencial para garantir a saúde e o conforto dos mais pequenos. Esta joelheira protetora foi desenhada especificamente para proteger as articulações do bebê contra possíveis lesões causadas pelo atrito com o solo.</p>
<h1><img style=""display: block; margin-left: auto; margin-right: auto;"" height=""441"" width=""441"" src=""https://chiquititos.com.br/wp-content/uploads/2021/06/loja-chiquititos-joelheira-protetora-para-bebes-na-fase-de-engatinhar-img-02-510x510.jpg"" alt=""loja chiquititos joelheira protetora para bebes na fase de engatinhar img 02"" data-mce-style=""display: block; margin-left: auto; margin-right: auto;"" data-mce-src=""https://chiquititos.com.br/wp-content/uploads/2021/06/loja-chiquititos-joelheira-protetora-para-bebes-na-fase-de-engatinhar-img-02-510x510.jpg""></h1>
<p><span> Feita em microfibras de algodão suave, ela proporciona um aconchego agradável enquanto oferece resistência contra arranhões, riscos e outras lesões que possam aparecer no decorrer da infância. A joelheira protetora é ideal para qualquer ambiente, pois tem capacidade antiderrapante e respirabilidade superior que permite às pernas dos bebês ficar livres de irritação durante o movimento livre em casa ou fora dela. Estimule os primeiros passos do seu filho(ou) com tranquilidade! Com está joelheira protetora você terá maior segurança responsabilizando-se por anular completamente qualquer tipo atrito entre as superfícies irregulares duros e a pele sensível do bebê - mantendo assim suavidade no contato sempre presente durante as brincadeiras infantis!</span></p>
<h1><img style=""display: block; margin-left: auto; margin-right: auto;"" src=""https://chiquititos.com.br/wp-content/uploads/2021/06/loja-chiquititos-joelheira-protetora-para-bebes-na-fase-de-engatinhar-img-12-300x300.jpg"" alt=""loja chiquititos joelheira protetora para bebes na fase de engatinhar img 12"" data-mce-style=""display: block; margin-left: auto; margin-right: auto;"" data-mce-src=""https://chiquititos.com.br/wp-content/uploads/2021/06/loja-chiquititos-joelheira-protetora-para-bebes-na-fase-de-engatinhar-img-12-300x300.jpg""></h1>
<p> </p>
<p> </p>
<p><img alt="""" src=""https://cdn.shopify.com/s/files/1/0682/9198/5717/files/Capturar_480x480.jpg?v=1669377378"" style=""display: block; margin-left: auto; margin-right: auto;""></p>",DSERS,,Kids,"cuidados,mais-vendidos",TRUE,Cor,1,,,,,14:771#straight pink,0.0,shopify,1000,continue,manual,55.75,72.90,TRUE,FALSE,,https://cdn.shopify.com/s/files/1/0728/2229/2791/products/S630d1c8b97584908818bf72fc9dc85119.jpg?v=1677098192,1,,FALSE,,,,,,,,,,,,,,,,https://cdn.shopify.com/s/files/1/0728/2229/2791/products/Sfec67c4d60fb4e1781b5c1bd4f45cdd5x.jpg?v=1677098192,kg,,,TRUE,TRUE,,,active
bopoobo-finger-toothbrush-for-baby-silicone-baby-soft-bpa-free-silicone-kids-child-infant-teethbrush-clean-brush-bebe-oral-care,Escova dental massageadora,"<h1 style=""text-align: center;""><span style=""background-color: #2b00ff; color: #ffffff;"">Escova dental massageadora </span></h1>
<p> </p>
<p data-pm-slice=""1 1 []"">Como todos sabem, escovar os dentes é extremamente importante para a saúde bucal. No entanto, o processo de treinamento pode ser difícil e demorado para os pais. Sabendo da importância de escovar os dentes e as gengivas do bebê, a Escova Dental Massageadora veio para ajudar nesse processo. Essa escova tem um design ergonômico que facilita o uso por parte dos pais.</p>
<p data-pm-slice=""1 1 []""><img alt=""Escova Dental Massageadora de Silicone (Kit com 5 peças)"" src=""//cdn.shopify.com/s/files/1/0665/7933/3353/products/H49d4948def3e47158e589faaca778a2b9.jpg?v=1665886829"" width=""430"" height=""430"" style=""display: block; margin-left: auto; margin-right: auto;""></p>
<p data-pm-slice=""1 1 []"">Ela possui cerdas macias que limpam suavemente cada área dos dentes, além de lábios e língua do bebê. Ainda mais, ela auxilia com as gengivas doloridas e com a desenvolvimento da dentição em crianças pequenas graças às pontinhas arredondadas nas cerdas que são perfeitas para massagear delicadamente as gengivas sensíveis durante a limpeza dental.</p>
<p data-pm-slice=""1 1 []""><img alt=""Escova Dental Massageadora de Silicone (Kit com 5 peças)"" src=""https://cdn.shopify.com/s/files/1/0665/7933/3353/products/Hec90a425031e49b0b972451d36df0aba0_800x.jpg?v=1665886829"" width=""537"" height=""537"" style=""display: block; margin-left: auto; margin-right: auto;""></p>
<p data-pm-slice=""1 1 []"">Além disso, essa escova também mantém os dentes e língua limpinhos sem irritar as áreas sensíveis da boca do bebê enquanto fortalece sua habilidade na hora de lavar os próprios dentes quando chegar à idade certa. Portanto, se você estiver procurando uma maneira simples mas inteligente de cuidados bucais adequados para seu filho pequeno então considere adicionar uma Escova Dental Massageadora em sua rotina diária - você notara rapidamente grandes resultados!</p>
<p data-pm-slice=""1 1 []""> </p>
<p data-pm-slice=""1 1 []""><img alt="""" src=""https://cdn.shopify.com/s/files/1/0682/9198/5717/files/Capturar_480x480.jpg?v=1669377378"" style=""display: block; margin-left: auto; margin-right: auto;""></p>",DSERS,,Kids,"cuidados,mais-vendidos",TRUE,Cor,branco,,,,,14:193#White7;200007763:201336100,0.0,shopify,1000,continue,manual,66.40,85.90,TRUE,FALSE,,https://cdn.shopify.com/s/files/1/0728/2229/2791/products/Sd75578f47cfc434d9e7dbdb8e2aa13235.jpg?v=1677098176,1,,FALSE,,,,,,,,,,,,,,,,https://cdn.shopify.com/s/files/1/0728/2229/2791/products/S21a77941fb7d4a149fcc3f356e394ebck.jpg?v=1677098176,kg,,,TRUE,TRUE,,,active
newborn-baby-nasal-aspirator-for-children-nose-cleaner-sucker-suction-tool-protection-health-care-baby-mouth-nasal-suction-devic,Aspirador Nasal,"<h1 style=""text-align: center;""><span style=""background-color: #2b00ff; color: #ffffff;"">Aspirador Nasal </span></h1>
<div></div>
<div>
<p data-pm-slice=""1 1 []"">Muitos pais se sentem desesperados quando o nariz do bebê fica congestionado. O catarro pode causar muita inquietação ao bebê, e às vezes os remédios caseiros não dão conta de aliviar a congestão. Agora há uma solução simples e prática para esse problema: o Aspirador Nasal! A mamãe ou papai coloca o biquinho no narizinho do bebê e com outro canudo suga o catarro. O catarro é armazenado em um compartimento que depois deve lavado. É super simples, rápido e alivia imediatamente a saúde do seu bebê! </p>
</div>
<div></div>
<div><img src=""https://35696.cdn.simplo7.net/static/35696/sku/meninas-aspirador-nasal-bebe-infantil-sugado-catarro-e-meleca--p-1599079018206.png"" alt=""Aspirador Nasal Bebe Infantil Sugador Catarro E Meleca - Dugu Atacadista"" style=""display: block; margin-left: auto; margin-right: auto;"" data-mce-fragment=""1"" data-mce-src=""https://35696.cdn.simplo7.net/static/35696/sku/meninas-aspirador-nasal-bebe-infantil-sugado-catarro-e-meleca--p-1599079018206.png""></div>
<div></div>
<div><span>Esse aspirador nasal foi projetado para ser gentil com as delicadas passagens nasais dos pequenos bebês, evitando danos nas vias respiratórias durante a limpeza. Além disso, ele é fabricado em materiais hipoalergênicos que garantem maior segurança para toda família. Agora você pode cuidar da saúde do seu filho de forma fácil e segura sem ter que visitar um profissional da área médica!</span></div>
<div><span></span></div>
<div><span><img alt=""Aspirador de Sucção Nasal Infantil Sugador De Catarro do Bebê Azul, Rosa e  Amarelo | Shopee Brasil"" src=""https://cf.shopee.com.br/file/10ff7db477a98b2b6b30467dcd61662a"" width=""498"" height=""498"" style=""display: block; margin-left: auto; margin-right: auto;""></span></div>
<div><span></span></div>
<div><span><img alt="""" src=""https://cdn.shopify.com/s/files/1/0682/9198/5717/files/Capturar_480x480.jpg?v=1669377378""></span></div>",DSERS,,Kids,"cuidados,mais-vendidos",TRUE,Cor,coruja rosa,,,,,14:29#pink owl,0.0,shopify,1000,continue,manual,65.60,89.90,TRUE,FALSE,,https://cdn.shopify.com/s/files/1/0728/2229/2791/products/H1c4aac59302742819f1ac4a0c294501fb.jpg?v=1677097907,1,,FALSE,,,,,,,,,,,,,,,,https://cdn.shopify.com/s/files/1/0728/2229/2791/products/H81e179356b9b450ba70a675eecaedd72T.jpg?v=1677097907,kg,,,TRUE,TRUE,,,active
children-waterproof-cap-safe-baby-bath-visor-adjustable-accessories-visor-for-bathing-protect-eyes-ears-pvc-suit-0-6-kids,TOUCA PROTETORA DE BANHO PARA BEBÊS,"<h1></h1>
<h1 style=""text-align: center;""><span style=""background-color: #2b00ff; color: #ffffff;""> TOUCA PROTETORA DE BANHO PARA BEBÊS</span></h1>
<p data-pm-slice=""1 1 []"">Muitos pais ficam apreensivos quando o momento de dar banho no bebê chega. Afinal, é sempre importante proteger a criança contra qualquer tipo de perigo, não é? Pensando nisso, a Touca Protetora de Banho para Bebês foi desenvolvida para te dar mais segurança durante o banho da criança. </p>
<p><img src=""https://cdn.shopify.com/s/files/1/0616/0341/4224/files/giphy_1_480x480.gif?v=1659403881"" style=""display: block; margin-left: auto; margin-right: auto;"" data-mce-fragment=""1"" data-mce-src=""https://cdn.shopify.com/s/files/1/0616/0341/4224/files/giphy_1_480x480.gif?v=1659403881""></p>
<p><span>A touca tem um design que impede que a água entre em contato com o rostinho do bebê, além de ser super confortável e segura. Além disso, ela ainda é linda e pode ser usada tanto por meninos quanto por meninas! Com a Touca Protetora de Banho para Bebês, você pode finalmente relaxar e desfrutar do momento sem se preocupar com nada!</span></p>
<p><br></p>
<p><img src=""https://cdn.shopify.com/s/files/1/0616/0341/4224/files/giphy_8293fae9-4f5e-41b2-9d90-7361f4f5a7e7_480x480.gif?v=1659404457"" style=""display: block; margin-left: auto; margin-right: auto;""><br></p>
<p> </p>
<p><img alt="""" src=""https://cdn.shopify.com/s/files/1/0682/9198/5717/files/Capturar_480x480.jpg?v=1669377378"" style=""display: block; margin-left: auto; margin-right: auto;""></p>",DSERS,,Kids,"cuidados,mais-vendidos",TRUE,Cor,Vermelho,,,,,200007763:201336100;14:10,0.0,shopify,1000,continue,manual,50.50,85.00,TRUE,FALSE,,https://cdn.shopify.com/s/files/1/0728/2229/2791/products/S26e917f63d4a451299c3ecfe8f3327d72_500x_34c34cdf-b8be-4eb5-aa58-4d078ff48418.jpg?v=1677097734,1,,FALSE,,,,,,,,,,,,,,,,https://cdn.shopify.com/s/files/1/0728/2229/2791/products/H2858c371ef7a4728b41f96fcaf2f18e9m.jpg?v=1677097734,kg,,,TRUE,TRUE,,,active
water-balloon-water-bomb-splash-balls-toys-reusable-water-balloons-garden-game-for-kids-playing-water-toys-game-dropshipping,Balões EcoSplash - Balão de Água Mágico Reutilizável,"<h1></h1>
<h1 style=""text-align: center;"" data-mce-style=""text-align: center;""><span style=""background-color: #2b00ff;""><span style=""color: #ffffff;"" data-mce-style=""color: #ffffff;"">Balões EcoSplash - Balão de Água Mágico Reutilizável</span><span></span> </span></h1>
<p><span style=""background-color: #2b00ff;""><br></span></p>
<div style=""text-align: center;""><span style=""color: #ffffff;"" data-mce-style=""color: #ffffff;"">O Balão EcoSplash é diversão garantida para você e seu pequeno! Nada de ficar perdendo tempo enchendo balões e ainda gerar lixo, poluindo o meio ambiente.</span></div>
<div style=""text-align: center;""><span style=""color: #ffffff;"" data-mce-style=""color: #ffffff;""></span></div>
<p><span style=""color: #ffffff;"" data-mce-style=""color: #ffffff;""><img src=""https://cdn.shopify.com/s/files/1/0676/2915/4594/files/reusable-water-balloons-1_480x480.gif?v=1668720299"" style=""display: block; margin-left: auto; margin-right: auto;""></span></p>
<p style=""text-align: center;"">Feito de látex de boa qualidade, além de fechar magneticamente, fazendo que seu <span data-mce-fragment=""1"">Balão Reutilizável</span><span> </span>encha de água em 2 segundos.</p>
<p> </p>
<div><span><span color=""#80ff00""><strong>✔</strong> </span><span color=""#000000"">100% reutilizável e reciclável</span></span></div>
<div><span><span color=""#80ff00""><strong>✔</strong> </span><span color=""#000000"">Feito em látex virgem de primeira qualidade, garante mais de 800 usos</span></span></div>
<div><span><span color=""#80ff00""><strong>✔</strong> </span><span color=""#000000"">Sustentável e divertido, como uma brincadeira deve ser</span></span></div>
<div><span><span color=""#80ff00""><strong>✔</strong> </span><span color=""#000000"">Fechamento magnético permite o enchimento em poucos segundos</span></span></div>
<div><span><span color=""#80ff00""><strong>✔</strong> </span><span color=""#000000"">Extremamente durável e atóxico tanto para as pessoas, quanto para o meio ambiente</span></span></div>
<div><span><span color=""#000000""></span></span></div>
<div><span><span color=""#000000""><img src=""https://cdn.shopify.com/s/files/1/0676/2915/4594/files/reusable-water-balloons-1_480x480.webp?v=1668721127"" style=""display: block; margin-left: auto; margin-right: auto;""></span></span></div>
<div><span><span color=""#000000""><img alt="""" src=""https://cdn.shopify.com/s/files/1/0682/9198/5717/files/Capturar_480x480.jpg?v=1669377378"" style=""display: block; margin-left: auto; margin-right: auto;""></span></span></div>
<p> </p>
<p> </p>",DSERS,,Kids,"Brinquedos,mais-vendidos",TRUE,Quantidade,Pacote com 18 peças,,,,,14:350850#Random send 18pcs,0.0,shopify,1000,continue,manual,35.00,60.00,TRUE,FALSE,,https://cdn.shopify.com/s/files/1/0728/2229/2791/products/S41bebef655544467ae448de68c17b0dbj.jpg?v=1677097654,1,,FALSE,,,,,,,,,,,,,,,,https://cdn.shopify.com/s/files/1/0728/2229/2791/products/S0e7bc9048ade4027b3e2b17f002354abS.jpg?v=1677097654,kg,,,TRUE,TRUE,,,active
disney-toy-story-action-figure-anime-cartoon-model-doll-car-decoration-cake-accessories-collection-classic-toy-children-39-s-gift,kit de bonecos inspirados no toystory,"<h1></h1>
<p> </p>
<h1 style=""text-align: center;""><span style=""color: #ff2a00;"">kit de bonecos inspirados no toystore</span></h1>
<p> </p>
<div class=""editor-wrapper focus"">
<div aria-expanded=""false"">
<div class=""ProseMirror"" translate=""no"" contenteditable=""false"">
<p>Você sabe bem que é difícil encontrar um brinquedo que seja divertido, mas ao mesmo tempo portátil e fácil de guardar? Seus filhos te cobram por isso? Então chegou o momento certo para conhecer o Kit de Bonecos Inspirados no Toy Store. Esses incríveis Mini Bonecos são inspirados nos personagens do filme Toy Story e além de super macios e gostosos de apertar! Eles vêm com estampas diferentes dos principais personagens da saga, sendo muito fofinhos e leves para carregar.</p>
<p> </p>
<p><img alt=""Imagem de Coleção 12 Bonecos Miniaturas - Toy Story 3 - Woody E Buzz"" src=""https://a-static.mlcdn.com.br/1500x1500/colecao-12-bonecos-miniaturas-toy-story-3-woody-e-buzz-super-brink/123eletro/7509p/b495e91ffe99f9727e699ee98e027c2d.jpg"" style=""display: block; margin-left: auto; margin-right: auto;""></p>
<p>São também resistentes à água, permitindo que os pequenos possam usá-los na piscina sem problemas! Com esse kit você oferece uma solução perfeita para aqueles dias em casa onde precisa manter as crianças entretidas por horas. Os bonequinhos estimulam a imaginação livre dando início às histórias mais loucas com os personagens favoritos dos seus filhos. Você não precisa mais procurar porque agora tem um presente perfeito: O Kit de Bonecos Inspirados no Toy Store!</p>
<p> </p>
<p> </p>
<p style=""text-align: center;""><img alt="""" src=""https://cdn.shopify.com/s/files/1/0699/6646/3276/files/WhatsAppImage2023-01-10at15.29.11_480x480.jpg?v=1674475004""></p>
</div>
</div>
</div>",DSERS,,Kids,"Brinquedos,mais-vendidos",TRUE,Cor,1,,,,,14:29#1,0.0,shopify,1000,continue,manual,28.70,45.00,TRUE,FALSE,,https://cdn.shopify.com/s/files/1/0728/2229/2791/products/S4adf4297fe9c49879e2f102909223e83v.jpg?v=1677097358,1,,FALSE,,,,,,,,,,,,,,,,https://cdn.shopify.com/s/files/1/0728/2229/2791/products/S4adf4297fe9c49879e2f102909223e83v.jpg?v=1677097358,kg,,,TRUE,TRUE,,,active
8-5-10-12-inch-lcd-drawing-tablet-for-children-39-s-toys-painting-tools-electronics-writing-board-boy-kids-educational-toys-gifts,Tablet Magico infantil,"<h1 style=""text-align: center;""><span style=""background-color: #2b00ff; color: #ffffff;""><br></span></h1>
<h1 style=""text-align: center;""><span style=""background-color: #2b00ff; color: #ffffff;"">Tablet Mágico infantil</span></h1>
<div>
<p data-pm-slice=""1 1 []"">Com o avanço da tecnologia, cada vez mais crianças estão tendo acesso a dispositivos eletrônicos. Enquanto alguns pais permitem que seus filhos usem computador e smartphones para jogar, outros temem que isso prejudique a aprendizagem das crianças</p>
<p data-pm-slice=""1 1 []"">O <strong>tablet mágico infantil</strong> é o presente perfeito para qualquer criança! Ele vai <strong>estimular o seu desenvolvimento cognitivo e logico</strong>, além de ser super divertido!<span data-mce-fragment=""1""> É um produto inovador que foi desenvolvido especialmente para as crianças.</span></p>
</div>
<div><img src=""https://cdn.shopify.com/s/files/1/0619/2434/3996/files/GIF-3_480x480.gif?v=1658604096"" style=""display: block; margin-left: auto; margin-right: auto;""></div>
<p> </p>
<ul data-mce-fragment=""1"">
<li data-mce-fragment=""1"">Prático, leve e resistente. Não quebra se cair no chão.<br>
</li>
<li data-mce-fragment=""1""><span data-mce-fragment=""1"">Diminui as horas do celular do seu pequeno;</span></li>
<li data-mce-fragment=""1""><span data-mce-fragment=""1"">Reduz o estresse e a ansiedade.</span></li>
<li data-mce-fragment=""1""><span data-mce-fragment=""1"">Limpe a tela com um toque</span></li>
<li data-mce-fragment=""1""><span data-mce-fragment=""1"">Possui caneta para desenhar e escrever, sem a necessidade de tinta</span></li>
<li data-mce-fragment=""1""><span data-mce-fragment=""1"">Tela com proteção para os olhos;</span></li>
<li data-mce-fragment=""1""><span data-mce-fragment=""1"">Tela grande de 8.5 polegadas</span></li>
<li data-mce-fragment=""1""><span data-mce-fragment=""1"">Livre de luz azul e toxinas nocivas;</span></li>
<li data-mce-fragment=""1""><span data-mce-fragment=""1"">Economiza em papel e canetinhas;</span></li>
<li data-mce-fragment=""1""><span data-mce-fragment=""1"">Estimula a Imaginação e Criatividade</span></li>
<li data-mce-fragment=""1""><span data-mce-fragment=""1"">Auxilia no desenvolvimento cognitivo e lógico.</span></li>
</ul>
<p><span data-mce-fragment=""1""><img src=""https://cdn.shopify.com/s/files/1/0619/2434/3996/products/rosa_2048x.jpg?v=1658608573"" width=""450"" height=""450"" style=""display: block; margin-left: auto; margin-right: auto;""></span></p>
<p><span data-mce-fragment=""1""><img alt="""" src=""https://cdn.shopify.com/s/files/1/0682/9198/5717/files/Capturar_480x480.jpg?v=1669377378"" style=""display: block; margin-left: auto; margin-right: auto;""></span></p>",DSERS,,Kids,"Brinquedos,mais-vendidos",TRUE,Especificações,Preto / 8.5pol.,,,,,200007763:201336100;14:29#Black 8.5in Single,0.0,shopify,1000,continue,manual,99.90,145.00,TRUE,FALSE,,https://cdn.shopify.com/s/files/1/0728/2229/2791/products/Sc7ae41f9c79049f3823706a426c2109ee.jpg?v=1677097541,1,,FALSE,,,,,,,,,,,,,,,,https://cdn.shopify.com/s/files/1/0728/2229/2791/products/Sbd4da86939d3412d9d196654d223de22O.jpg?v=1677097541,kg,,,TRUE,TRUE,,,active
metoo-doll-plush-toys-for-girls-baby-kawaii-classic-dream-angela-for-children-kids-christmas-birthday-gift,Boneca Metoo,"<h1 class=""js-product-name h2 h1-md"" data-store=""product-name-96697903"" style=""text-align: center;"" data-mce-fragment=""1""><span style=""color: #ff2a00;"">Boneca Metoo </span></h1>
<p> </p>
<p data-pm-slice=""1 1 []"">Muitas meninas sonham em ter uma boneca de pano que possa se tornar sua melhor amiga e companheira. Mas, com tantos produtos no mercado fabricados com materiais de baixa qualidade, é difícil encontrar uma opção durável. A Boneca Metoo é a solução perfeita para isso! É produzida com materiais de alta qualidade, incluindo fibras de poliéster resistentes para garantir durabilidade extra. </p>
<p><span style=""color: #ff2a00;""><img src=""https://d3ugyf2ht6aenh.cloudfront.net/stores/001/773/125/products/hf1ed656911e04f409b517cc82c6a54dae-ccdabab58ea1149f0e16294891221482-640-0.webp"" width=""477"" height=""477"" style=""display: block; margin-left: auto; margin-right: auto;""></span></p>
<p><span style=""color: #000000;"">Além disso, tem um design único e personalizado que pode ser facilmente adaptado às preferências individuais da menina. Está disponível em vários tamanhos e cores diferentes para escolher. Com a Boneca Metoo você não precisa mais se preocupar em encontrar o brinquedo ideal para as crianças - ela oferece todos os benefícios necessários: alta qualidade e longa durabilidade, além do fato de que ela realmente se tornará a melhor amiga da garota!</span></p>
<p> </p>
<p style=""text-align: center;""><span style=""color: #000000;""><img alt="""" src=""https://cdn.shopify.com/s/files/1/0699/6646/3276/files/WhatsAppImage2023-01-10at15.29.11_480x480.jpg?v=1674475004""></span></p>",DSERS,,Kids,"Brinquedos,mais-vendidos",TRUE,Color,0912-1-1,,,,,14:29#912-1-1,0.0,shopify,1000,continue,manual,129.00,169.00,TRUE,FALSE,,https://cdn.shopify.com/s/files/1/0728/2229/2791/products/S4e6438c094d645a591bc0384c15d6b725.jpg?v=1677097378,1,,FALSE,,,,,,,,,,,,,,,,https://cdn.shopify.com/s/files/1/0728/2229/2791/products/H53bfe53f69a145c68438c1bcfae1acefJ.jpg?v=1677097378,kg,,,TRUE,TRUE,,,active
montessori-dart-board-target-sports-game-toys-for-children-3-4-5-6-years-sticky-ball-throw-dartboard-toy-board-games-for-kids,Bola Ao Alvo Estinligue,"<h1 style=""text-align: center;""><span style=""color: #ff2a00;"">Bola Ao Alvo Estinligue</span></h1>
<p data-pm-slice=""1 1 []"">Você está à procura de um brinquedo educacional que desenvolva habilidades importantes como mira, precisão e raciocínio lógico? Se sim, você não pode perder o lançamento em brinquedos educacionais da Bola Ao Alvo Estinligue! Esta novidade consiste em um estilingue com uma bola pegajosa que gruda no alvo. A bola é feita de material resistente a rasgos para evitar problemas durante seu uso. </p>
<h1><img alt=""Bola Ao Alvo Estinligue Brinquedo Educacional Para Crianças"" src=""https://cdn.shopify.com/s/files/1/0574/1638/4699/products/Sd853968583f645239366f8553595df9cy_480x480.jpg?v=1671718046"" style=""display: block; margin-left: auto; margin-right: auto;""></h1>
<p><span>O design do estilingue é leve e ergonômico, proporcionando maior conforto durante o jogo. É ideal para crianças entre 4 e 10 anos de idade, pois possui regulagem na tensão da mola do estilingue para adaptar-se a diferentes forças. Além disso, vem com instruções detalhadas sobre sua montagem e operação bem fáceis de seguir. A Bola Ao Alvo Estinligue oferece benefícios únicos para quem busca aprender as habilidades essenciais mencionadas anteriormente. </span></p>
<h1><img alt=""Bola Ao Alvo Estinligue Brinquedo Educacional Para Crianças"" src=""https://cdn.shopify.com/s/files/1/0574/1638/4699/products/S1d8a447503a6420f8854e96d0d758822C_480x480.jpg?v=1671718042"" style=""display: block; margin-left: auto; margin-right: auto;""></h1>
<p> </p>
<p><span>Nesse jogo divertido os jogadores podem melhorar sua pontaria através dos alvos variados presentes na caixa do produto - incluindo cartões ilustrados coloridos! Desenvolver essas competências contribui significativamente tanto para o processo cognitivo quanto motor desses pequenos exploradores curiosos. Então venha experimentar este incrível lançamento: Bola Ao Alvo Estinligue!</span></p>
<p> </p>
<p><span><img alt="""" src=""https://cdn.shopify.com/s/files/1/0699/6646/3276/files/WhatsAppImage2023-01-10at15.29.11_480x480.jpg?v=1674475004"" style=""display: block; margin-left: auto; margin-right: auto;""></span></p>
<p> </p>
<p> </p>",DSERS,,Kids,"Brinquedos,mais-vendidos",TRUE,Estilo,1,,,,,14:29#Elephant,0.0,shopify,1000,continue,manual,86.60,110.00,TRUE,FALSE,,https://cdn.shopify.com/s/files/1/0728/2229/2791/products/Sd45e7fbaf2e34ea38f059063e86bab2dV.jpg?v=1677097333,1,,FALSE,,,,,,,,,,,,,,,,https://cdn.shopify.com/s/files/1/0728/2229/2791/products/Sd99d8225bb64480ba7d267e88bae0e42z.jpg?v=1677097333,kg,,,TRUE,TRUE,,,active
4pc-set-baby-pacifiers-feeder-kids-fruit-feeder-nipples-feeding-safe-baby-supplies-nipple-teat-bottle-with-pacifier-clips,Chupeta alimentadora,"<div></div>
<h1 style=""text-align: center;""><span style=""background-color: #2b00ff; color: #ffffff;"">Chupeta alimentadora </span></h1>
<div></div>
<div>Muitas vezes é difícil estimular os bebês a comerem alimentos sólidos, pois eles não conseguem controlar seu reflexo de engolir grandes pedaços. A Chupeta Alimentadora é o produto ideal para incentivar o bebê a comer por iniciativa própria! Estimula o desenvolvimento da visão, do olfato, paladar e tato pela variedade de cor, cheiro e sabor dos alimentos. A Chupeta Alimentadora tem um bico especialmente projetado para permitir que as papinhas saiam através de uma abertura pequena. Com isso diminui-se significativamente o risco de asfixia já que evita a absorção de pedaços grandes dos alimentos pelo bebê.</div>
<div></div>
<div>
<img src=""https://ae01.alicdn.com/kf/Hef5ece6fdb5242408f9c5bcaa20e692bH.jpg"" alt=""1"" width=""395"" height=""395"" style=""display: block; margin-left: auto; margin-right: auto;"" data-mce-fragment=""1"" data-mce-src=""https://ae01.alicdn.com/kf/Hef5ece6fdb5242408f9c5bcaa20e692bH.jpg""><br>
</div>
<div>
<p data-pm-slice=""1 1 []""> O material da chupeta é flexível e resistente à saliva do bebê, garantindo maior durabilidade mesmo quando mordida frequentemente pelo pequeno explorador. Agora você não precisa mais se preocupar em oferecer apenas papinhas líquidas para seu filho! A Chupeta Alimentadora irá encorajá-lo(la) a comer por conta própria e promover suas habilidades motoras finas enquanto experimentam sabores variados diferentes! Com ela você tem certeza que seu filho está consumindo os alimentos adequados sem riscos à sua saúde.</p>
</div>
<div></div>
<div></div>
<div><img src=""https://empreender.nyc3.digitaloceanspaces.com/dropi/6253a44d70ce6.jpeg"" width=""428"" height=""428"" style=""display: block; margin-left: auto; margin-right: auto;""></div>
<div></div>
<div></div>
<div><img alt="""" src=""https://cdn.shopify.com/s/files/1/0682/9198/5717/files/Capturar_480x480.jpg?v=1669377378"" style=""display: block; margin-left: auto; margin-right: auto;""></div>",DSERS,,Kids,"acessórios,mais-vendidos",TRUE,Cor,1,,,,,14:173#3pc set;200007763:201336100,0.0,shopify,1000,continue,manual,30.00,49.90,TRUE,FALSE,,https://cdn.shopify.com/s/files/1/0728/2229/2791/products/S60033987b8cb42a4b6fc2c5b79320ef2A.jpg?v=1677097988,1,,FALSE,,,,,,,,,,,,,,,,https://cdn.shopify.com/s/files/1/0728/2229/2791/products/Sc29dc1fe7ea2437fafceba48abe353c7R.jpg?v=1677097988,kg,,,TRUE,TRUE,,,active
2022-new-3d-children-school-bags-for-girls-boy-children-backpacks-kindergarten-cartoon-animal-toddle-kids-backpack-for-2-5-years,Mochila infantil de bichinhos - 3D,"<h1 data-pm-slice=""1 1 []"" style=""text-align: center;""></h1>
<h1 data-pm-slice=""1 1 []"" style=""text-align: center;""><span style=""background-color: #2b00ff; color: #ffffff;"">Mochila infantil de bichinhos - 3D</span></h1>
<p data-pm-slice=""1 1 []""> </p>
<p data-pm-slice=""1 1 []"">Mochila infantil de bichinhos - 3D As crianças adoram os animais, mas às vezes é difícil para elas carregar seus pertences com eles. Com a mochila infantil de bichinhos - 3D, as crianças podem levar seus amiguinhos animais favoritos para onde quer que vão!</p>
<p data-pm-slice=""1 1 []""><img alt="""" src=""https://cdn.shopify.com/s/files/1/0682/9198/5717/files/S8106376185644ce7b7d932a52ccbfb60Y_480x480.jpg?v=1670952923"" style=""display: block; margin-left: auto; margin-right: auto;""></p>
<p data-pm-slice=""1 1 []""> </p>
<p data-pm-slice=""1 1 []"">Esta mochila é ortopédica, lúdica e colorida, o que a torna confortável e divertida de usar. Além disso, os desenhos de bichinhos em 3D são super fofos e farão com que as crianças se sintam especiais.</p>
<p><img alt="""" src=""https://cdn.shopify.com/s/files/1/0682/9198/5717/files/Sff8f499e6cb040a6add183b673b33355w_480x480.jpg?v=1670952944"" style=""display: block; margin-left: auto; margin-right: auto;""></p>
<p> </p>
<p> </p>
<p><img alt="""" src=""https://cdn.shopify.com/s/files/1/0682/9198/5717/files/Capturar_480x480.jpg?v=1669377378"" style=""display: block; margin-left: auto; margin-right: auto;""></p>
<p> </p>",DSERS,,Kids,"acessórios,mais-vendidos",TRUE,Color,1,,,,,14:771#01;200007763:201336100,0.0,shopify,1000,continue,manual,102.50,130.00,TRUE,FALSE,,https://cdn.shopify.com/s/files/1/0728/2229/2791/products/S8106376185644ce7b7d932a52ccbfb60Y.jpg?v=1677097859,1,,FALSE,,,,,,,,,,,,,,,,https://cdn.shopify.com/s/files/1/0728/2229/2791/products/S73583b1760ac4945ae122f329d635d10e.jpg?v=1677097860,kg,,,TRUE,TRUE,,,active
baby-bath-seat-support-mat-foldable-baby-bath-tub-pad-amp-chair-newborn-bathtub-pillow-infant-anti-slip-soft-comfort-body-cushion,Almofada para banho - bebês,"<h1 data-pm-slice=""1 1 []"" style=""text-align: center;""><span style=""background-color: #2b00ff; color: #ffffff;"">Almofada para banho - bebês </span></h1>
<p data-pm-slice=""1 1 []""><span>O bebê precisas relaxar e aproveitar o banho, mas às vezes fica incomodado com a água na cara.</span></p>
<p data-pm-slice=""1 1 []""><img src=""https://sacolao.vtexassets.com/arquivos/ids/207371-800-auto?v=637939433185430000&amp;width=800&amp;height=auto&amp;aspect=true"" width=""412"" height=""412"" style=""display: block; margin-left: auto; margin-right: auto;""></p>
<p data-pm-slice=""1 1 []""><br></p>
<p data-pm-slice=""1 1 []""><span>A almofada para banho deixa seu bebê mais confortável, pois sustenta o corpinho do bebê dentro da banheira, enquanto mantém sua cabeça fora da água. Assim, a criança pode ficar deitada sem que seus ouvidos, olhos e nariz tenham contato direto com a água.</span></p>
<p data-pm-slice=""1 1 []""><img alt="""" src=""https://cdn.shopify.com/s/files/1/0682/9198/5717/files/H275294abfa12433c8f39e95b889b3977I_480x480.jpg?v=1670952374"" style=""display: block; margin-left: auto; margin-right: auto;""></p>
<p data-pm-slice=""1 1 []""><img alt="""" src=""https://cdn.shopify.com/s/files/1/0682/9198/5717/files/Capturar_480x480.jpg?v=1669377378"" style=""display: block; margin-left: auto; margin-right: auto;""></p>
<p> </p>",DSERS,,Kids,"acessórios,mais-vendidos",TRUE,Cor,Azul,,,,,14:29#Blue,0.0,shopify,1000,continue,manual,82.50,105.00,TRUE,FALSE,,https://cdn.shopify.com/s/files/1/0728/2229/2791/products/H275294abfa12433c8f39e95b889b3977I.jpg?v=1677097810,1,,FALSE,,,,,,,,,,,,,,,,https://cdn.shopify.com/s/files/1/0728/2229/2791/products/H500d5134a8bc4d03a6d94f608b5119c8y.jpg?v=1677097810,kg,,,TRUE,TRUE,,,active
150ml-baby-feeding-drinkware-straw-cup-baby-learning-feeding-bottles-anti-hot-leakproof-silicone-tableware-toddler-water-bottle,Copo de silicone decorado,"<div></div>
<h1 style=""text-align: center;""><span style=""background-color: #2b00ff; color: #ffffff;"">Copo de silicone decorado </span></h1>
<div>
<p data-pm-slice=""1 1 []"">Quer um copo seguro para o seu bebê? Olha só os nossos copos de silicone decorados infantis! Todo em silicone 100% seguro livre de toxinas e BPA. Os copos decorados além de lindos e práticos, podem ser mordidos e são limpos facilmente. </p>
</div>
<div><img src=""https://cdn.shopify.com/s/files/1/0529/8647/8779/files/Copo_Silicone_infantil_limpa_facil_introducao_alimentar_livre_pcv_480x480.jpg?v=1631388030"" style=""display: block; margin-left: auto; margin-right: auto;"" data-mce-fragment=""1"" data-mce-src=""https://cdn.shopify.com/s/files/1/0529/8647/8779/files/Copo_Silicone_infantil_limpa_facil_introducao_alimentar_livre_pcv_480x480.jpg?v=1631388030""></div>
<div></div>
<div><span>Sua criança pode usar por muito tempo, pois o material é super resistente. Além disso, os copinhos interativos ajudam no desenvolvimento das habilidades motoras finas da sua criança.</span></div>
<div></div>
<div><img src=""https://cdn.shopify.com/s/files/1/0529/8647/8779/files/Copo_Silicone_infantil_limpa_facil_introducao_alimentar_crianca_480x480.jpg?v=1631388091"" style=""display: block; margin-left: auto; margin-right: auto;""></div>
<div></div>
<div><img alt="""" src=""https://cdn.shopify.com/s/files/1/0682/9198/5717/files/Capturar_480x480.jpg?v=1669377378"" style=""display: block; margin-left: auto; margin-right: auto;""></div>",DSERS,,Kids,"acessórios,mais-vendidos",TRUE,MODELO,1,,,,,14:365458#AEB0001-04,0.0,shopify,1000,continue,manual,64.00,96.50,TRUE,FALSE,,https://cdn.shopify.com/s/files/1/0728/2229/2791/products/S25ffc9a252d543bb8082a82938f96b72U.jpg?v=1677097798,1,,FALSE,,,,,,,,,,,,,,,,https://cdn.shopify.com/s/files/1/0728/2229/2791/products/Sc77416c760504122a44bc1ff862f7b2eW.jpg?v=1677097798,kg,,,TRUE,TRUE,,,active
soft-and-waterproof-baby-silicone-scarf-cute-cartoon-print-baby-items-boys-and-girls-adjustable-bibs-burp-cloths,Babador - Pega Migalhas,"<h1 data-mce-fragment=""1"" data-pm-slice=""1 1 []"" style=""text-align: center;"" data-mce-style=""text-align: center;""><span style=""background-color: #2b00ff; color: #ffffff;"" data-mce-style=""background-color: #2b00ff; color: #ffffff;"">Babador - Pega Migalhas</span></h1>
<p data-mce-fragment=""1"" data-pm-slice=""1 1 []"">As crianças adoram comer. Infelizmente, às vezes elas não são tão cuidadosas assim e acabam sujando o chão, a mesa e até mesmo as roupas. O Babador - Pega Migalhas é feito de<strong> silicone,</strong> um material <strong>impermeável</strong> e fácil de limpar.</p>
<p data-mce-fragment=""1"" data-pm-slice=""1 1 []""><img alt=""Babador Gumy De Silicone Buba - Ana Baby Store"" src=""https://d3ugyf2ht6aenh.cloudfront.net/stores/002/426/605/products/3d179557ebe7b2b86c8b9d41e77dd9df1-515c111fb298c9f23e16637176732365-480-0.jpg"" style=""display: block; margin-left: auto; margin-right: auto;"" data-mce-src=""https://d3ugyf2ht6aenh.cloudfront.net/stores/002/426/605/products/3d179557ebe7b2b86c8b9d41e77dd9df1-515c111fb298c9f23e16637176732365-480-0.jpg"" data-mce-style=""display: block; margin-left: auto; margin-right: auto;""></p>
<p data-mce-fragment=""1"" data-pm-slice=""1 1 []"">Ele tem um bordo largo que evita que as migalhas caiam no chão e sejam desperdiçadas. Além disso, o Babador - Pega Migalhas é macio e confortável, o que torna a refeição mais agradável para as crianças.</p>
<p data-mce-fragment=""1"" data-pm-slice=""1 1 []""> </p>
<p data-mce-fragment=""1"" data-pm-slice=""1 1 []""><img alt=""Babador de Silicone Pega Migalhas Gumy Rosa Azul Verde Buba | Shopee Brasil"" src=""https://cf.shopee.com.br/file/d7432e85c87139c1252da936675e7149"" width=""647"" height=""647"" style=""display: block; margin-left: auto; margin-right: auto;"" data-mce-src=""https://cf.shopee.com.br/file/d7432e85c87139c1252da936675e7149"" data-mce-style=""display: block; margin-left: auto; margin-right: auto;""></p>
<p data-pm-slice=""1 1 []"">O Babador - Pega Migalhas também é uma ótima opção para o inicio da introdução alimentar do seu bebê, pois ele impede que os alimentos caiam no chão e sejam engolidos pelo bebê.</p>
<p data-pm-slice=""1 1 []""> </p>
<p data-pm-slice=""1 1 []""><img alt=""Babador Silicone Com Pega Migalhas Cata Migalha Bebe Babador Silicone Com  Pega Migalhas Cata Migalhas Bebe Babador Em Silicone Com Pega Migalhas  Menino Oferta | Shopee Brasil"" src=""https://cf.shopee.com.br/file/3bdbc9704385f0f06b98df810a140c84"" width=""528"" height=""528"" style=""display: block; margin-left: auto; margin-right: auto;"" data-mce-src=""https://cf.shopee.com.br/file/3bdbc9704385f0f06b98df810a140c84"" data-mce-style=""display: block; margin-left: auto; margin-right: auto;""></p>
<p data-pm-slice=""1 1 []""> </p>
<p data-pm-slice=""1 1 []""><img style=""display: block; margin-left: auto; margin-right: auto;"" src=""https://cdn.shopify.com/s/files/1/0682/9198/5717/files/Capturar_480x480.jpg?v=1669377378"" alt=""""></p>",DSERS,,Kids,"acessórios,mais-vendidos",TRUE,Modelo,Modelo 1,,,,,14:29#style1 cyan,0.0,shopify,1000,continue,manual,99.00,139.00,TRUE,FALSE,,https://cdn.shopify.com/s/files/1/0728/2229/2791/products/H1a2d88cf29f64fd4961e00d7d4f1bc4cN.jpg?v=1677097774,1,,FALSE,,,,,,,,,,,,,,,,https://cdn.shopify.com/s/files/1/0728/2229/2791/products/H42b4c47414cd4fd882eafcebbaa4d263F.jpg?v=1677097775,kg,,,TRUE,TRUE,,,active
baby-silicone-dining-plate-kids-feeding-plate-sucker-bowl-solid-cute-smile-face-children-dishes-toddler-training-tableware,Prato de silicone com divisória,"<h1 style=""text-align: center;""><span style=""background-color: #2b00ff; color: #ffffff;"">Prato de silicone com divisória  </span></h1>
<p><br></p>
<p> </p>
<p data-pm-slice=""1 1 []"">Se você tem crianças em casa, sabe o quão difícil é fazer com que elas coma sozinhas. Você já deve ter passado pelo problema de ver o seu prato de comida cair no chão e acabar na sujeira. Além disso, é sempre um desafio lavar a louça depois da refeição. O prato de silicone com divisória é perfeito para resolver esse problema.</p>
<p data-pm-slice=""1 1 []""><img src=""https://d3ugyf2ht6aenh.cloudfront.net/stores/001/773/125/products/h67017e3d6fc4459cb3cfd1d8c27d6e61e-fc693a8c5d1952627f16649928574344-640-0.webp"" width=""528"" height=""528"" style=""display: block; margin-left: auto; margin-right: auto;""></p>
<p data-pm-slice=""1 1 []"">Ele é feito de material resistente e maleável, o que torna muito mais fácil para as crianças segurarem e manipularem. E além disso, ele também tem ventosas na base que evitam que o prato seja derrubado facilmente. Outra vantagem é que esse produto pode ser colocado no micro-ondas e na máquina de lavar louças, o que torna a limpeza bem mais fácil.</p>
<p data-pm-slice=""1 1 []""> <img src=""https://d3ugyf2ht6aenh.cloudfront.net/stores/001/773/125/products/hbbd248c751724b51befb9ec6befc4002d-f9c9cb2c3356cc64c716649929059063-640-0.webp"" width=""490"" height=""490"" style=""display: block; margin-left: auto; margin-right: auto;"" data-mce-fragment=""1"" data-mce-src=""https://d3ugyf2ht6aenh.cloudfront.net/stores/001/773/125/products/hbbd248c751724b51befb9ec6befc4002d-f9c9cb2c3356cc64c716649929059063-640-0.webp""></p>
<p data-pm-slice=""1 1 []""> </p>
<p data-pm-slice=""1 1 []""><span>- Pode ir no microondas e congelador;</span><br><span>- Livre de BPA;</span><br><span>- Super maleável;</span><br><span>- Com divisórias;</span><br><span>- Fácil de higienizar e transportar.</span></p>
<p data-pm-slice=""1 1 []""> </p>
<p data-pm-slice=""1 1 []""> </p>
<p data-pm-slice=""1 1 []""><span><img alt="""" src=""https://cdn.shopify.com/s/files/1/0682/9198/5717/files/Capturar_480x480.jpg?v=1669377378"" style=""display: block; margin-left: auto; margin-right: auto;""></span></p>",DSERS,,Kids,"acessórios,mais-vendidos",TRUE,Cor,Verde,,,,,14:29#Green Sucker,0.0,shopify,1000,continue,manual,69.90,110.00,TRUE,FALSE,,https://cdn.shopify.com/s/files/1/0728/2229/2791/products/Sc4029cd7f343496c9c9e9695c5197214W.jpg?v=1677097724,1,,FALSE,,,,,,,,,,,,,,,,https://cdn.shopify.com/s/files/1/0728/2229/2791/products/S55ea2febef5d48ebaf65b958d13f2745O.jpg?v=1677097724,kg,,,TRUE,TRUE,,,active
baby-food-feeding-spoon-fork-set-toddler-gadgets-tableware-children-utensil-stainless-steel-cartoon-infant-dinnerware-cutlery,Dupla de Talher Infantil,"<h1 style=""text-align: center;"">
<img src=""https://d3ugyf2ht6aenh.cloudfront.net/assets/themes/amazonas/static/images/empty-placeholder.png?928409618"" alt=""Mini Talher inox Meu ursinho (colher e garfo) na internet"" data-mce-fragment=""1"" data-mce-src=""https://d3ugyf2ht6aenh.cloudfront.net/assets/themes/amazonas/static/images/empty-placeholder.png?928409618""><span style=""background-color: #2b00ff; color: #ffffff;"">Dupla de Talher Infantil</span>
</h1>
<div></div>
<div>
<p data-pm-slice=""1 1 []""> Perfeito para  aprender a usar os talheres. Design ergonômico se encaixa nas mãos da criança. É ideal para estimular a auto alimentação e a coordenação motora. Aprender a usar os talheres pode ser um grande desafio para as crianças, mas com o Dupla de Talher infantil isso não será um problema. </p>
</div>
<div>
<img src=""https://d3ugyf2ht6aenh.cloudfront.net/stores/001/773/125/products/3-main-novo-design-de-alimentacao-do-bebe-solido-colher-de-alimentos-garfo-conjunto-bpa-livre-silicone-lidar-com-urso-dos-desenhos-animados-utensilio-inoxidavel-utensilios-de-mesa-das-criancas1-df0ac7bc9821517a5116679281806325-640-0.webp"" width=""459"" height=""459"" style=""display: block; margin-left: auto; margin-right: auto;"" data-mce-fragment=""1"" data-mce-src=""https://d3ugyf2ht6aenh.cloudfront.net/stores/001/773/125/products/3-main-novo-design-de-alimentacao-do-bebe-solido-colher-de-alimentos-garfo-conjunto-bpa-livre-silicone-lidar-com-urso-dos-desenhos-animados-utensilio-inoxidavel-utensilios-de-mesa-das-criancas1-df0ac7bc9821517a5116679281806325-640-0.webp""><img src=""https://d3ugyf2ht6aenh.cloudfront.net/assets/themes/amazonas/static/images/empty-placeholder.png?928409618"" alt=""Mini Talher inox Meu ursinho (colher e garfo) na internet"" data-mce-fragment=""1"" data-mce-src=""https://d3ugyf2ht6aenh.cloudfront.net/assets/themes/amazonas/static/images/empty-placeholder.png?928409618"">
</div>
<div><span>O design ergonômico do produto se encaixa perfeitamente nas mãos das crianças, facilitando o processo de aprendizagem. Além disso, o produto é ideal para estimular a auto alimentação e a coordenação motora, sendo uma ótima opção para auxiliar no desenvolvimento das crianças.</span></div>
<div></div>
<div><img src=""https://d3ugyf2ht6aenh.cloudfront.net/stores/001/773/125/products/2-main-novo-design-de-alimentacao-do-bebe-solido-colher-de-alimentos-garfo-conjunto-bpa-livre-silicone-lidar-com-urso-dos-desenhos-animados-utensilio-inoxidavel-utensilios-de-mesa-das-criancas1-f394577b7ec0ed7a0516679281806206-640-0.webp"" width=""510"" height=""510"" style=""display: block; margin-left: auto; margin-right: auto;""></div>
<div></div>
<div><img alt="""" src=""https://cdn.shopify.com/s/files/1/0682/9198/5717/files/Capturar_480x480.jpg?v=1669377378"" style=""display: block; margin-left: auto; margin-right: auto;""></div>",DSERS,,Kids,"acessórios,mais-vendidos",TRUE,Cor,Verde,,,,,14:29#sage green P,0.0,shopify,1000,continue,manual,52.80,85.00,TRUE,FALSE,,https://cdn.shopify.com/s/files/1/0728/2229/2791/products/S972f32e296b54a6cb5efebc3b979b830l.jpg?v=1677097698,1,,FALSE,,,,,,,,,,,,,,,,https://cdn.shopify.com/s/files/1/0728/2229/2791/products/S8ab39044fdde4db1a2433a35642f260b5.jpg?v=1677097698,kg,,,TRUE,TRUE,,,active
3-2-inch-wireless-video-color-baby-monitor-high-resolution-baby-nanny-security-camera-night-vision-temperature-monitoring,Babá Eletrônica,"<h1></h1>
<h1 style=""text-align: center;""><span style=""color: #ff2a00;"">Babá Eletrônica</span></h1>
<p>Não é fácil ter que deixar seu bebê sozinho em casa. Nós sabemos que você quer o melhor para eles e querem acompanhar o desenvolvimento do seu filho sem estar presente. A Babá Eletrônica foi criada justamente pensando nisso, para oferecer toda a tranquilidade que os pais precisam. </p>
<p><img src=""https://cdn.shopify.com/s/files/1/0562/7595/9891/files/Captura_de_Tela_2022-08-16_as_13.56.44_480x480.png?v=1660669831"" style=""display: block; margin-left: auto; margin-right: auto;""></p>
<p><span>A Babá Eletrônica possui diversas características únicas que lhe permitem verificar com detalhes cada etapa da vida do seu bebê, incluindo vozes reconhecidas, visão noturna infravermelha, controle de temperatura, microfone integrado com som ambiente e músicas suaves para acalmar o pequeno(a). Além disso ela funciona mesmo sem internet! Evite preocupações desnecessárias com a Babá Eletrônica. </span></p>
<p><img src=""https://cdn.shopify.com/s/files/1/0562/7595/9891/files/Captura_de_Tela_2022-08-16_as_13.58.22_480x480.png?v=1660670515"" style=""display: block; margin-left: auto; margin-right: auto;"" data-mce-fragment=""1"" data-mce-src=""https://cdn.shopify.com/s/files/1/0562/7595/9891/files/Captura_de_Tela_2022-08-16_as_13.58.22_480x480.png?v=1660670515""><br></p>
<p><span>Ela fará monitoramento contínuo dos passos do seu filho(a), além de fornecer informações valiosas sobre temperatura no quarto, onde ele estiver localizado/ela durante todo tempo mesmo quando você não puder estar presente . Com esses recursos exclusivos , você poderá manter-se tranquilo sabendo que tem tudo sob controle enquanto cuida das outras atividades diárias da família.</span></p>
<p> </p>
<p style=""text-align: center;""><img alt="""" src=""https://cdn.shopify.com/s/files/1/0699/6646/3276/files/WhatsAppImage2023-01-10at15.29.11_480x480.jpg?v=1674475004""></p>",DSERS,,Kids,"acessórios,mais-vendidos",TRUE,Estilo,BM603 EU B,,,,,200007763:201336099;14:29#BM603 EU B,0.0,shopify,1000,continue,manual,271.00,300.00,TRUE,FALSE,,https://cdn.shopify.com/s/files/1/0728/2229/2791/products/H28ee792450a14f129e202d177eda680co.jpg?v=1677097370,1,,FALSE,,,,,,,,,,,,,,,,https://cdn.shopify.com/s/files/1/0728/2229/2791/products/HTB1DHV_SVXXXXb2XFXXq6xXFXXX3.jpg?v=1677097370,kg,,,TRUE,TRUE,,,active